Data;ROBID overnight (% p.a.) BBZ_BIDON;ROBID tomorrow next (% p.a.) BBZ_BIDTM;ROBID 1 săptămână (% p.a.) BBZ_BID1W;ROBID 1 lună (% p.a.) BBZ_BID1M;ROBID 3 luni (% p.a.) BBZ_BID3M;ROBID 6 luni (% p.a.) BBZ_BID6M;ROBID 9 luni (% p.a.) BBZ_BID9M;ROBID 12 luni (% p.a.) BBZ_BID12M;ROBOR overnight (% p.a.) BBZ_BORON;ROBOR tomorrow next (% p.a.) BBZ_BORTM;ROBOR 1 săptămână (% p.a.) BBZ_BOR1W;ROBOR 1 lună (% p.a.) BBZ_BOR1M;ROBOR 3 luni (% p.a.) BBZ_BOR3M;ROBOR 6 luni (% p.a.) BBZ_BOR6M;ROBOR 9 luni (% p.a.) BBZ_BOR9M;ROBOR 12 luni (% p.a.) BBZ_BOR12M
29.05.2023;5,76;5,76;5,77;5,82;6,25;6,30;-;6,50;6,05;6,05;6,06;6,12;6,55;6,65;-;6,85
26.05.2023;5,76;5,76;5,76;5,83;6,25;6,31;-;6,52;6,05;6,05;6,05;6,12;6,55;6,65;-;6,86
25.05.2023;5,75;5,75;5,76;5,83;6,25;6,31;-;6,52;6,04;6,04;6,05;6,12;6,55;6,66;-;6,85
24.05.2023;5,75;5,75;5,76;5,83;6,25;6,32;-;6,53;6,04;6,04;6,05;6,12;6,55;6,66;-;6,86
23.05.2023;5,74;5,74;5,75;5,80;6,26;6,33;-;6,53;6,03;6,03;6,05;6,10;6,56;6,67;-;6,86
22.05.2023;5,74;5,74;5,75;5,81;6,28;6,32;-;6,53;6,03;6,03;6,05;6,10;6,58;6,67;-;6,87
19.05.2023;5,74;5,74;5,75;5,81;6,29;6,33;-;6,55;6,03;6,03;6,05;6,10;6,58;6,68;-;6,89
18.05.2023;5,74;5,74;5,76;5,82;6,29;6,35;-;6,56;6,02;6,02;6,05;6,11;6,59;6,69;-;6,90
17.05.2023;5,73;5,73;5,75;5,82;6,30;6,37;-;6,60;6,02;6,02;6,05;6,11;6,60;6,71;-;6,94
16.05.2023;5,74;5,74;5,75;5,83;6,30;6,40;-;6,62;6,03;6,03;6,05;6,12;6,60;6,74;-;6,95
15.05.2023;5,74;5,75;5,75;5,83;6,32;6,42;-;6,64;6,04;6,04;6,05;6,12;6,62;6,76;-;6,98
12.05.2023;5,74;5,75;5,76;5,84;6,34;6,44;-;6,67;6,04;6,04;6,06;6,14;6,64;6,78;-;7,01
11.05.2023;5,74;5,74;5,76;5,84;6,35;6,44;-;6,68;6,04;6,04;6,06;6,13;6,65;6,79;-;7,01
10.05.2023;5,75;5,75;5,77;5,83;6,35;6,45;-;6,68;6,03;6,03;6,07;6,13;6,65;6,79;-;7,02
09.05.2023;5,75;5,75;5,77;5,83;6,35;6,45;-;6,68;6,03;6,03;6,07;6,13;6,65;6,79;-;7,02
08.05.2023;5,74;5,74;5,76;5,83;6,36;6,45;-;6,70;6,03;6,03;6,06;6,13;6,66;6,79;-;7,03
05.05.2023;5,74;5,74;5,77;5,83;6,36;6,45;-;6,70;6,03;6,03;6,06;6,13;6,66;6,79;-;7,04
04.05.2023;5,74;5,74;5,76;5,83;6,36;6,45;-;6,70;6,03;6,03;6,06;6,13;6,66;6,80;-;7,04
03.05.2023;5,73;5,73;5,76;5,83;6,38;6,48;-;6,73;6,02;6,02;6,05;6,12;6,68;6,82;-;7,06
02.05.2023;5,73;5,73;5,76;5,83;6,40;6,50;-;6,75;6,03;6,03;6,06;6,12;6,70;6,84;-;7,08
28.04.2023;5,74;5,74;5,78;5,83;6,41;6,52;-;6,78;6,04;6,04;6,07;6,12;6,71;6,86;-;7,12
27.04.2023;5,74;5,74;5,77;5,84;6,43;6,54;-;6,83;6,03;6,03;6,07;6,13;6,73;6,88;-;7,17
26.04.2023;5,74;5,74;5,78;5,85;6,45;6,58;-;6,92;6,03;6,03;6,07;6,15;6,74;6,92;-;7,25
25.04.2023;5,75;5,75;5,80;5,87;6,45;6,60;-;6,94;6,04;6,04;6,09;6,16;6,75;6,94;-;7,28
24.04.2023;5,74;5,74;5,79;5,88;6,46;6,60;-;6,95;6,04;6,04;6,09;6,17;6,76;6,95;-;7,29
21.04.2023;5,74;5,75;5,80;5,89;6,48;6,63;-;6,98;6,03;6,04;6,10;6,19;6,78;6,97;-;7,32
20.04.2023;5,75;5,75;5,80;5,89;6,50;6,64;-;7,00;6,04;6,04;6,10;6,19;6,79;6,99;-;7,34
19.04.2023;5,75;5,75;5,79;5,89;6,50;6,66;-;7,02;6,05;6,05;6,09;6,19;6,80;7,00;-;7,35
18.04.2023;5,75;5,75;5,80;5,89;6,50;6,68;-;7,03;6,05;6,05;6,09;6,19;6,80;7,02;-;7,36
13.04.2023;5,76;5,76;5,80;5,90;6,50;6,68;-;7,03;6,05;6,05;6,10;6,20;6,80;7,02;-;7,36
12.04.2023;5,76;5,76;5,80;5,91;6,50;6,68;-;7,04;6,05;6,05;6,10;6,20;6,80;7,03;-;7,38
11.04.2023;5,77;5,77;5,80;5,91;6,50;6,70;-;7,06;6,06;6,06;6,10;6,20;6,80;7,05;-;7,40
10.04.2023;5,78;5,78;5,81;5,91;6,51;6,73;-;7,11;6,08;6,08;6,10;6,20;6,80;7,08;-;7,45
07.04.2023;5,80;5,80;5,82;5,91;6,53;6,77;-;7,13;6,09;6,09;6,11;6,20;6,82;7,11;-;7,47
06.04.2023;5,80;5,80;5,82;5,91;6,54;6,81;-;7,17;6,09;6,09;6,12;6,20;6,83;7,15;-;7,51
05.04.2023;5,80;5,80;5,82;5,91;6,55;6,84;-;7,19;6,09;6,09;6,12;6,20;6,84;7,18;-;7,53
04.04.2023;5,81;5,81;5,83;5,92;6,55;6,84;-;7,20;6,09;6,09;6,12;6,21;6,84;7,18;-;7,54
03.04.2023;5,81;5,81;5,84;5,91;6,55;6,84;-;7,20;6,10;6,10;6,13;6,21;6,85;7,18;-;7,54
31.03.2023;5,81;5,81;5,84;5,92;6,55;6,85;-;7,21;6,10;6,10;6,14;6,21;6,85;7,19;-;7,55
30.03.2023;5,81;5,81;5,84;5,92;6,55;6,84;-;7,21;6,09;6,09;6,14;6,21;6,84;7,18;-;7,54
29.03.2023;5,81;5,81;5,85;5,93;6,55;6,86;-;7,22;6,09;6,09;6,15;6,22;6,85;7,20;-;7,55
28.03.2023;5,81;5,81;5,86;5,93;6,55;6,86;-;7,22;6,09;6,09;6,15;6,22;6,85;7,20;-;7,55
27.03.2023;5,79;5,79;5,82;5,93;6,55;6,86;-;7,22;6,08;6,08;6,12;6,22;6,85;7,20;-;7,55
24.03.2023;5,79;5,79;5,83;5,93;6,55;6,84;-;7,22;6,08;6,08;6,12;6,22;6,85;7,18;-;7,56
23.03.2023;5,75;5,80;5,85;5,93;6,55;6,84;-;7,22;6,05;6,09;6,14;6,22;6,85;7,18;-;7,56
22.03.2023;5,76;5,76;5,81;5,91;6,55;6,84;-;7,22;6,05;6,05;6,10;6,20;6,85;7,18;-;7,56
21.03.2023;5,76;5,76;5,79;5,92;6,55;6,84;-;7,22;6,05;6,05;6,09;6,21;6,85;7,18;-;7,56
20.03.2023;5,75;5,75;5,79;5,91;6,56;6,85;-;7,23;6,05;6,05;6,09;6,21;6,85;7,19;-;7,56
17.03.2023;5,75;5,76;5,80;5,92;6,58;6,86;-;7,23;6,05;6,05;6,09;6,22;6,87;7,20;-;7,58
16.03.2023;5,75;5,76;5,80;5,94;6,59;6,88;-;7,24;6,05;6,05;6,09;6,24;6,89;7,22;-;7,58
15.03.2023;5,75;5,75;5,79;5,94;6,59;6,88;-;7,24;6,05;6,05;6,09;6,24;6,88;7,22;-;7,58
14.03.2023;5,75;5,76;5,80;5,94;6,60;6,89;-;7,26;6,04;6,05;6,09;6,24;6,90;7,23;-;7,60
13.03.2023;5,75;5,75;5,79;5,94;6,60;6,89;-;7,27;6,04;6,04;6,09;6,24;6,90;7,23;-;7,61
10.03.2023;5,75;5,75;5,80;5,94;6,61;6,92;-;7,29;6,05;6,05;6,09;6,24;6,91;7,26;-;7,62
09.03.2023;5,75;5,75;5,79;5,95;6,63;6,94;-;7,30;6,05;6,05;6,09;6,25;6,93;7,28;-;7,64
08.03.2023;5,76;5,76;5,82;5,95;6,65;6,94;-;7,30;6,05;6,05;6,11;6,25;6,95;7,28;-;7,64
07.03.2023;5,76;5,76;5,82;5,95;6,66;6,94;-;7,30;6,05;6,05;6,12;6,25;6,95;7,28;-;7,64
06.03.2023;5,78;5,78;5,84;5,95;6,67;6,96;-;7,31;6,06;6,07;6,13;6,25;6,96;7,30;-;7,65
03.03.2023;5,78;5,78;5,84;5,95;6,67;6,97;-;7,31;6,07;6,07;6,14;6,25;6,97;7,31;-;7,65
02.03.2023;5,77;5,77;5,84;5,96;6,67;6,97;-;7,31;6,06;6,06;6,13;6,25;6,97;7,31;-;7,65
01.03.2023;5,78;5,78;5,84;5,95;6,67;6,97;-;7,31;6,07;6,07;6,13;6,24;6,97;7,31;-;7,65
28.02.2023;5,80;5,80;5,87;5,97;6,67;6,96;-;7,33;6,09;6,09;6,16;6,26;6,96;7,30;-;7,67
27.02.2023;5,82;5,82;5,88;5,98;6,70;7,00;-;7,35;6,11;6,11;6,18;6,28;7,00;7,34;-;7,69
24.02.2023;5,85;5,86;5,93;6,00;6,70;6,99;-;7,35;6,14;6,15;6,22;6,30;7,00;7,34;-;7,69
23.02.2023;5,79;5,86;5,92;6,00;6,72;7,01;-;7,35;6,08;6,16;6,22;6,30;7,02;7,35;-;7,69
22.02.2023;5,80;5,80;5,89;6,00;6,73;7,02;-;7,37;6,09;6,10;6,18;6,30;7,03;7,35;-;7,70
21.02.2023;5,80;5,80;5,86;5,99;6,73;7,01;-;7,38;6,10;6,10;6,16;6,29;7,03;7,35;-;7,71
20.02.2023;5,81;5,81;5,86;6,00;6,74;7,01;-;7,39;6,10;6,10;6,16;6,30;7,03;7,34;-;7,72
17.02.2023;5,82;5,82;5,86;6,00;6,74;7,02;-;7,39;6,10;6,10;6,15;6,29;7,04;7,36;-;7,73
16.02.2023;5,83;5,83;5,87;6,01;6,75;7,06;-;7,43;6,11;6,11;6,16;6,30;7,04;7,39;-;7,75
15.02.2023;5,82;5,82;5,87;6,00;6,76;7,07;-;7,44;6,11;6,11;6,16;6,30;7,05;7,40;-;7,78
14.02.2023;5,83;5,84;5,88;6,02;6,80;7,11;-;7,48;6,12;6,12;6,18;6,31;7,09;7,43;-;7,80
13.02.2023;5,85;5,85;5,90;6,02;6,80;7,12;-;7,49;6,13;6,14;6,19;6,31;7,09;7,45;-;7,82
10.02.2023;5,88;5,86;5,91;6,02;6,82;7,12;-;7,52;6,17;6,15;6,20;6,31;7,11;7,45;-;7,84
09.02.2023;5,87;5,86;5,89;6,01;6,84;7,14;-;7,52;6,17;6,15;6,19;6,31;7,14;7,47;-;7,85
08.02.2023;5,87;5,86;5,89;6,01;6,84;7,14;-;7,52;6,17;6,15;6,18;6,31;7,14;7,47;-;7,85
07.02.2023;5,87;5,86;5,89;6,02;6,84;7,14;-;7,53;6,16;6,14;6,19;6,31;7,14;7,47;-;7,86
06.02.2023;5,88;5,86;5,90;6,02;6,85;7,15;-;7,54;6,17;6,14;6,19;6,31;7,14;7,48;-;7,87
03.02.2023;5,88;5,88;5,92;6,03;6,85;7,18;-;7,54;6,18;6,17;6,21;6,33;7,15;7,50;-;7,87
02.02.2023;5,94;5,93;5,97;6,06;6,88;7,19;-;7,56;6,23;6,22;6,26;6,35;7,17;7,52;-;7,88
01.02.2023;5,97;5,96;6,01;6,06;6,88;7,19;-;7,56;6,27;6,26;6,30;6,35;7,18;7,52;-;7,89
31.01.2023;5,99;5,97;6,01;6,06;6,89;7,20;-;7,55;6,29;6,27;6,31;6,36;7,19;7,52;-;7,86
30.01.2023;6,01;6,00;6,04;6,06;6,91;7,21;-;7,55;6,30;6,28;6,33;6,36;7,20;7,54;-;7,88
27.01.2023;5,89;5,90;5,94;6,05;6,94;7,21;-;7,57;6,18;6,19;6,24;6,34;7,23;7,54;-;7,89
26.01.2023;5,87;5,87;5,93;6,04;6,95;7,21;-;7,57;6,16;6,16;6,22;6,34;7,25;7,54;-;7,90
25.01.2023;5,90;5,91;5,94;6,04;6,98;7,21;-;7,58;6,18;6,19;6,23;6,34;7,27;7,54;-;7,92
23.01.2023;5,74;5,81;5,85;6,03;6,99;7,21;-;7,57;6,03;6,10;6,14;6,33;7,28;7,54;-;7,91
20.01.2023;5,73;5,74;5,78;6,03;6,98;7,21;-;7,58;6,02;6,03;6,07;6,32;7,28;7,54;-;7,91
19.01.2023;5,72;5,72;5,76;6,02;6,97;7,22;-;7,58;6,01;6,01;6,06;6,31;7,27;7,55;-;7,91
18.01.2023;5,75;5,75;5,77;6,06;7,00;7,25;-;7,60;6,03;6,03;6,06;6,36;7,30;7,57;-;7,93
17.01.2023;5,75;5,75;5,78;6,07;7,02;7,26;-;7,61;6,04;6,04;6,07;6,36;7,31;7,58;-;7,94
16.01.2023;5,75;5,75;5,76;6,09;7,06;7,27;-;7,62;6,05;6,05;6,06;6,39;7,35;7,59;-;7,94
13.01.2023;5,76;5,76;5,79;6,11;7,10;7,32;-;7,64;6,05;6,05;6,08;6,40;7,40;7,65;-;7,97
12.01.2023;5,76;5,76;5,80;6,14;7,13;7,37;-;7,68;6,05;6,05;6,09;6,44;7,43;7,70;-;8,01
11.01.2023;5,76;5,76;5,79;6,16;7,14;7,38;-;7,70;6,05;6,05;6,09;6,45;7,44;7,71;-;8,03
10.01.2023;5,54;5,54;5,65;6,15;7,15;7,39;-;7,70;5,83;5,83;5,94;6,45;7,45;7,72;-;8,03
09.01.2023;5,54;5,54;5,65;6,15;7,15;7,39;-;7,71;5,83;5,83;5,94;6,45;7,45;7,72;-;8,03
06.01.2023;5,53;5,53;5,65;6,19;7,18;7,39;-;7,71;5,81;5,82;5,94;6,49;7,48;7,72;-;8,04
05.01.2023;5,55;5,55;5,68;6,22;7,20;7,41;-;7,72;5,83;5,84;5,98;6,51;7,50;7,73;-;8,05
04.01.2023;5,56;5,56;5,69;6,26;7,23;7,44;-;7,73;5,85;5,85;5,99;6,55;7,53;7,77;-;8,07
03.01.2023;5,57;5,58;5,72;6,29;7,26;7,48;-;7,75;5,86;5,86;6,02;6,59;7,56;7,81;-;8,08
30.12.2022;5,56;5,60;5,76;6,32;7,27;7,49;-;7,76;5,85;5,89;6,05;6,61;7,57;7,81;-;8,09
29.12.2022;5,62;5,63;5,80;6,35;7,30;7,51;-;7,76;5,90;5,92;6,10;6,64;7,60;7,83;-;8,09
28.12.2022;5,67;5,70;5,84;6,35;7,30;7,51;-;7,75;5,96;5,99;6,14;6,64;7,60;7,84;-;8,10
27.12.2022;5,71;5,77;5,88;6,35;7,31;7,52;-;7,77;6,01;6,06;6,18;6,64;7,61;7,84;-;8,10
23.12.2022;5,60;5,83;5,96;6,34;7,33;7,54;-;7,76;5,89;6,12;6,25;6,64;7,63;7,87;-;8,10
22.12.2022;5,59;5,65;5,82;6,35;7,33;7,54;-;7,75;5,88;5,94;6,12;6,64;7,63;7,86;-;8,10
21.12.2022;5,58;5,59;5,71;6,35;7,34;7,54;-;7,76;5,87;5,88;6,00;6,64;7,63;7,87;-;8,10
20.12.2022;5,58;5,59;5,69;6,34;7,33;7,53;-;7,75;5,86;5,88;5,99;6,64;7,63;7,86;-;8,10
19.12.2022;5,58;5,58;5,69;6,35;7,33;7,54;-;7,76;5,87;5,87;5,98;6,64;7,63;7,86;-;8,10
16.12.2022;5,60;5,60;5,68;6,35;7,33;7,53;-;7,76;5,88;5,88;5,97;6,64;7,63;7,86;-;8,10
15.12.2022;5,60;5,60;5,66;6,34;7,33;7,53;-;7,77;5,88;5,88;5,95;6,63;7,63;7,86;-;8,10
14.12.2022;5,59;5,60;5,66;6,34;7,33;7,53;-;7,78;5,88;5,88;5,95;6,63;7,63;7,86;-;8,12
13.12.2022;5,59;5,59;5,65;6,35;7,34;7,54;-;7,79;5,88;5,88;5,94;6,64;7,64;7,87;-;8,12
12.12.2022;5,60;5,60;5,66;6,36;7,36;7,54;-;7,80;5,88;5,88;5,95;6,65;7,66;7,88;-;8,13
09.12.2022;5,60;5,60;5,65;6,39;7,40;7,57;-;7,83;5,89;5,89;5,94;6,69;7,70;7,91;-;8,16
08.12.2022;5,59;5,59;5,66;6,42;7,42;7,61;-;7,86;5,87;5,87;5,95;6,71;7,71;7,93;-;8,20
07.12.2022;5,63;5,63;5,67;6,43;7,42;7,60;-;7,86;5,92;5,92;5,96;6,73;7,72;7,93;-;8,20
06.12.2022;5,64;5,65;5,68;6,45;7,45;7,63;-;7,88;5,93;5,94;5,98;6,74;7,75;7,96;-;8,22
05.12.2022;5,66;5,66;5,71;6,44;7,45;7,62;-;7,89;5,95;5,96;6,00;6,74;7,75;7,96;-;8,22
02.12.2022;5,69;5,69;5,76;6,46;7,48;7,64;-;7,90;5,99;5,99;6,06;6,76;7,78;7,98;-;8,23
29.11.2022;5,73;5,74;5,80;6,47;7,49;7,67;-;7,90;6,03;6,03;6,10;6,77;7,79;8,01;-;8,24
28.11.2022;5,79;5,79;5,94;6,53;7,53;7,68;-;7,93;6,08;6,09;6,23;6,83;7,82;8,02;-;8,26
25.11.2022;5,83;5,83;5,98;6,56;7,55;7,71;-;7,93;6,11;6,12;6,28;6,85;7,85;8,04;-;8,27
24.11.2022;5,78;5,82;5,98;6,58;7,59;7,75;-;7,95;6,07;6,11;6,28;6,87;7,88;8,08;-;8,28
23.11.2022;5,60;5,69;5,89;6,57;7,59;7,75;-;7,95;5,89;5,98;6,19;6,86;7,89;8,08;-;8,28
22.11.2022;5,58;5,57;5,84;6,58;7,61;7,75;-;7,96;5,86;5,85;6,13;6,87;7,90;8,09;-;8,28
21.11.2022;5,59;5,59;5,77;6,59;7,62;7,75;-;7,97;5,88;5,88;6,07;6,89;7,91;8,08;-;8,30
18.11.2022;5,60;5,59;5,72;6,61;7,64;7,77;-;7,97;5,89;5,88;6,01;6,90;7,94;8,11;-;8,30
17.11.2022;5,61;5,60;5,66;6,62;7,65;7,81;-;7,98;5,90;5,89;5,95;6,91;7,94;8,13;-;8,31
16.11.2022;5,62;5,61;5,64;6,65;7,67;7,82;-;8,00;5,91;5,90;5,94;6,94;7,96;8,15;-;8,33
15.11.2022;5,63;5,61;5,65;6,66;7,68;7,83;-;8,01;5,91;5,91;5,94;6,95;7,98;8,16;-;8,34
14.11.2022;5,64;5,63;5,66;6,68;7,71;7,83;-;8,02;5,93;5,92;5,96;6,98;8,00;8,17;-;8,36
11.11.2022;5,64;5,63;5,65;6,70;7,73;7,87;-;8,05;5,93;5,91;5,95;6,99;8,02;8,20;-;8,38
10.11.2022;5,62;5,62;5,67;6,75;7,81;7,92;-;8,09;5,90;5,91;5,96;7,04;8,10;8,26;-;8,42
09.11.2022;5,66;5,64;5,68;6,78;7,84;7,94;-;8,10;5,94;5,93;5,97;7,07;8,13;8,27;-;8,43
08.11.2022;5,24;5,68;5,70;6,82;7,85;7,96;-;8,11;5,54;5,97;6,00;7,11;8,14;8,28;-;8,43
07.11.2022;5,26;5,25;5,62;6,83;7,86;7,96;-;8,12;5,55;5,54;5,91;7,12;8,15;8,28;-;8,44
04.11.2022;5,29;5,33;5,66;6,99;7,86;7,96;-;8,11;5,58;5,62;5,95;7,28;8,16;8,28;-;8,44
03.11.2022;5,94;5,95;5,98;7,06;7,90;7,96;-;8,12;6,23;6,25;6,27;7,35;8,19;8,30;-;8,44
02.11.2022;6,28;6,29;6,43;7,14;7,90;7,97;-;8,12;6,57;6,59;6,72;7,43;8,20;8,31;-;8,44
01.11.2022;6,39;6,40;6,56;7,16;7,90;7,98;-;8,11;6,69;6,70;6,85;7,45;8,19;8,31;-;8,44
31.10.2022;6,62;6,67;6,75;7,17;7,91;7,98;-;8,12;6,91;6,96;7,05;7,46;8,20;8,31;-;8,44
28.10.2022;6,82;6,84;6,89;7,19;7,91;7,97;-;8,11;7,11;7,13;7,19;7,48;8,20;8,31;-;8,43
27.10.2022;6,86;6,86;6,93;7,19;7,92;7,98;-;8,11;7,16;7,16;7,23;7,49;8,21;8,31;-;8,43
26.10.2022;6,87;6,88;6,97;7,17;7,91;7,98;-;8,10;7,16;7,18;7,27;7,47;8,21;8,31;-;8,42
25.10.2022;6,94;6,95;7,08;7,16;7,90;7,97;-;8,10;7,24;7,25;7,37;7,45;8,20;8,30;-;8,42
24.10.2022;6,96;7,01;7,09;7,17;7,90;7,96;-;8,09;7,26;7,31;7,39;7,46;8,19;8,30;-;8,41
21.10.2022;5,12;7,11;7,08;7,17;7,88;7,96;-;8,09;5,41;7,40;7,38;7,46;8,18;8,29;-;8,41
20.10.2022;5,19;5,18;7,05;7,16;7,89;7,96;-;8,08;5,49;5,47;7,34;7,46;8,18;8,29;-;8,41
19.10.2022;5,20;5,18;6,17;7,12;7,88;7,94;-;8,07;5,49;5,48;6,47;7,41;8,18;8,27;-;8,39
18.10.2022;5,20;5,18;5,99;7,11;7,88;7,94;-;8,07;5,50;5,48;6,29;7,41;8,18;8,28;-;8,40
17.10.2022;5,25;5,26;5,68;7,07;7,87;7,93;-;8,06;5,55;5,55;5,97;7,37;8,17;8,27;-;8,39
14.10.2022;5,25;5,29;5,53;7,08;7,87;7,93;-;8,05;5,54;5,58;5,83;7,37;8,17;8,27;-;8,37
13.10.2022;5,66;5,66;5,74;7,08;7,85;7,90;-;8,02;5,95;5,96;6,04;7,37;8,15;8,24;-;8,36
12.10.2022;6,11;6,14;6,20;7,03;7,81;7,88;-;8,01;6,40;6,43;6,49;7,32;8,11;8,21;-;8,34
11.10.2022;6,26;6,26;6,40;7,00;7,73;7,83;-;7,97;6,55;6,56;6,70;7,30;8,03;8,17;-;8,30
10.10.2022;6,47;6,49;6,60;7,01;7,70;7,82;-;7,95;6,77;6,78;6,89;7,31;7,99;8,14;-;8,29
07.10.2022;6,56;6,56;6,66;7,00;7,67;7,78;-;7,92;6,86;6,86;6,96;7,29;7,96;8,12;-;8,26
06.10.2022;6,68;6,68;6,72;6,99;7,66;7,78;-;7,91;6,98;6,98;7,02;7,27;7,94;8,11;-;8,25
05.10.2022;6,38;6,44;6,51;6,85;7,63;7,77;-;7,89;6,67;6,74;6,81;7,13;7,92;8,09;-;8,22
04.10.2022;6,38;6,39;6,49;6,85;7,64;7,78;-;7,89;6,68;6,69;6,78;7,13;7,93;8,10;-;8,23
03.10.2022;6,42;6,41;6,51;6,85;7,64;7,77;-;7,89;6,72;6,71;6,80;7,14;7,92;8,10;-;8,23
30.09.2022;6,41;6,41;6,45;6,84;7,64;7,77;-;7,90;6,71;6,71;6,74;7,13;7,93;8,10;-;8,23
29.09.2022;6,41;6,41;6,46;6,83;7,64;7,77;-;7,90;6,71;6,71;6,75;7,12;7,93;8,10;-;8,22
28.09.2022;6,41;6,41;6,45;6,83;7,64;7,77;-;7,89;6,71;6,71;6,74;7,12;7,93;8,10;-;8,22
27.09.2022;6,41;6,43;6,46;6,83;7,64;7,77;-;7,89;6,71;6,72;6,76;7,12;7,92;8,10;-;8,22
26.09.2022;6,41;6,41;6,46;6,82;7,64;7,77;-;7,90;6,70;6,71;6,76;7,12;7,92;8,10;-;8,23
23.09.2022;6,14;6,34;6,45;6,80;7,63;7,76;-;7,90;6,44;6,64;6,74;7,08;7,91;8,08;-;8,22
22.09.2022;4,49;6,19;6,44;6,79;7,62;7,75;-;7,89;4,79;6,49;6,73;7,08;7,91;8,07;-;8,21
21.09.2022;4,49;4,47;6,26;6,78;7,63;7,75;-;7,90;4,78;4,76;6,56;7,07;7,92;8,07;-;8,22
20.09.2022;5,17;5,17;6,20;6,78;7,62;7,74;-;7,88;5,47;5,46;6,50;7,07;7,91;8,06;-;8,20
19.09.2022;5,60;5,60;6,18;6,78;7,62;7,74;-;7,88;5,89;5,89;6,48;7,07;7,91;8,06;-;8,20
16.09.2022;5,96;5,96;6,20;6,79;7,63;7,74;-;7,90;6,26;6,26;6,50;7,08;7,91;8,06;-;8,22
15.09.2022;6,02;6,02;6,13;6,79;7,62;7,74;-;7,88;6,32;6,32;6,42;7,07;7,90;8,06;-;8,22
14.09.2022;6,03;6,03;6,12;6,78;7,63;7,74;-;7,90;6,33;6,33;6,41;7,06;7,91;8,06;-;8,22
13.09.2022;6,11;6,12;6,17;6,80;7,62;7,75;-;7,91;6,40;6,41;6,47;7,08;7,91;8,07;-;8,23
12.09.2022;6,15;6,15;6,20;6,80;7,63;7,75;-;7,91;6,44;6,45;6,50;7,08;7,91;8,07;-;8,23
09.09.2022;6,13;6,12;6,18;6,80;7,64;7,76;-;7,91;6,42;6,41;6,47;7,09;7,92;8,08;-;8,23
08.09.2022;6,14;6,14;6,19;6,80;7,65;7,77;-;7,92;6,43;6,43;6,48;7,09;7,93;8,09;-;8,24
07.09.2022;6,18;6,18;6,24;6,80;7,64;7,77;-;7,92;6,47;6,47;6,53;7,09;7,93;8,09;-;8,24
06.09.2022;6,18;6,18;6,22;6,80;7,64;7,77;-;7,94;6,48;6,48;6,51;7,09;7,93;8,09;-;8,26
05.09.2022;6,23;6,23;6,28;6,81;7,65;7,78;-;7,94;6,53;6,53;6,58;7,09;7,93;8,10;-;8,26
02.09.2022;6,22;6,23;6,29;6,81;7,65;7,79;-;7,93;6,52;6,53;6,59;7,10;7,93;8,11;-;8,25
01.09.2022;6,25;6,25;6,34;6,81;7,66;7,80;-;7,94;6,55;6,55;6,63;7,09;7,95;8,12;-;8,26
31.08.2022;6,35;6,35;6,41;6,80;7,66;7,79;-;7,93;6,65;6,64;6,70;7,08;7,95;8,11;-;8,25
30.08.2022;6,43;6,44;6,48;6,82;7,67;7,81;-;7,94;6,71;6,73;6,77;7,10;7,94;8,12;-;8,26
29.08.2022;6,44;6,45;6,50;6,82;7,66;7,79;-;7,93;6,73;6,74;6,79;7,11;7,95;8,11;-;8,26
26.08.2022;6,45;6,45;6,50;6,82;7,67;7,79;-;7,93;6,74;6,74;6,79;7,11;7,96;8,12;-;8,26
25.08.2022;6,42;6,42;6,49;6,82;7,69;7,80;-;7,94;6,71;6,71;6,79;7,10;7,97;8,13;-;8,26
24.08.2022;6,45;6,45;6,48;6,82;7,69;7,80;-;7,94;6,74;6,74;6,77;7,10;7,97;8,13;-;8,26
23.08.2022;6,07;6,45;6,50;6,84;7,68;7,79;-;7,93;6,36;6,74;6,79;7,13;7,97;8,12;-;8,26
22.08.2022;6,08;6,06;6,48;6,82;7,68;7,80;-;7,93;6,37;6,35;6,77;7,11;7,97;8,14;-;8,27
19.08.2022;6,26;6,24;6,40;6,83;7,68;7,79;-;7,94;6,56;6,54;6,69;7,12;7,97;8,12;-;8,27
18.08.2022;6,26;6,26;6,38;6,81;7,68;7,79;-;7,94;6,55;6,56;6,68;7,10;7,97;8,12;-;8,27
17.08.2022;6,24;6,26;6,33;6,82;7,69;7,79;-;7,94;6,54;6,55;6,62;7,11;7,98;8,13;-;8,28
16.08.2022;6,23;6,22;6,28;6,79;7,67;7,78;-;7,93;6,52;6,51;6,58;7,09;7,96;8,12;-;8,27
12.08.2022;6,20;6,19;6,24;6,78;7,69;7,80;-;7,93;6,49;6,49;6,53;7,07;7,98;8,13;-;8,27
11.08.2022;6,19;6,19;6,25;6,80;7,72;7,85;-;7,96;6,49;6,49;6,54;7,09;8,02;8,19;-;8,30
10.08.2022;6,21;6,20;6,26;6,82;7,76;7,87;-;7,99;6,51;6,50;6,56;7,11;8,06;8,21;-;8,33
09.08.2022;6,22;6,21;6,26;6,86;7,84;7,93;-;8,02;6,51;6,51;6,56;7,15;8,14;8,27;-;8,36
08.08.2022;6,05;6,03;6,20;6,85;7,84;7,91;-;8,01;6,35;6,33;6,50;7,14;8,14;8,25;-;8,35
05.08.2022;5,75;6,03;6,24;6,86;7,82;7,89;-;8,00;6,05;6,33;6,54;7,16;8,12;8,23;-;8,34
04.08.2022;5,75;5,75;6,20;6,87;7,81;7,89;-;8,00;6,05;6,05;6,50;7,17;8,11;8,23;-;8,34
03.08.2022;5,75;5,75;6,14;6,81;7,75;7,83;-;7,92;6,05;6,05;6,44;7,11;8,05;8,17;-;8,27
02.08.2022;5,75;5,75;6,12;6,77;7,70;7,78;-;7,89;6,05;6,05;6,42;7,07;8,00;8,13;-;8,23
01.08.2022;5,75;5,75;6,11;6,76;7,71;7,78;-;7,89;6,05;6,05;6,41;7,06;8,01;8,13;-;8,24
29.07.2022;5,74;5,75;6,07;6,70;7,67;7,74;-;7,84;6,04;6,05;6,36;7,00;7,97;8,08;-;8,19
28.07.2022;5,75;5,75;6,01;6,63;7,55;7,63;-;7,73;6,05;6,05;6,31;6,93;7,85;7,97;-;8,08
27.07.2022;5,75;5,75;5,93;6,49;7,41;7,49;-;7,56;6,05;6,05;6,23;6,79;7,71;7,83;-;7,90
26.07.2022;5,75;5,75;5,87;6,36;7,26;7,36;-;7,42;6,05;6,05;6,17;6,66;7,56;7,70;-;7,77
25.07.2022;5,75;5,75;5,83;6,25;7,21;7,32;-;7,39;6,05;6,05;6,13;6,54;7,51;7,66;-;7,73
22.07.2022;3,82;5,74;5,74;6,16;7,06;7,19;-;7,33;4,12;6,04;6,04;6,46;7,36;7,54;-;7,68
21.07.2022;3,70;3,93;5,69;6,00;6,91;7,03;-;7,17;4,00;4,23;5,99;6,30;7,21;7,38;-;7,51
20.07.2022;3,69;3,68;4,99;5,93;6,88;7,00;-;7,11;3,99;3,98;5,29;6,23;7,18;7,34;-;7,45
19.07.2022;3,78;3,78;4,64;5,88;6,86;6,97;-;7,08;4,08;4,07;4,94;6,17;7,16;7,32;-;7,42
18.07.2022;4,05;4,03;4,51;5,84;6,84;6,95;-;7,06;4,35;4,32;4,81;6,14;7,14;7,29;-;7,40
15.07.2022;4,09;4,09;4,39;5,80;6,79;6,93;-;7,07;4,39;4,39;4,69;6,09;7,09;7,27;-;7,41
14.07.2022;4,12;4,11;4,31;5,77;6,75;6,89;-;7,05;4,41;4,40;4,61;6,06;7,05;7,24;-;7,39
13.07.2022;4,09;4,09;4,17;5,75;6,69;6,84;-;6,98;4,39;4,39;4,47;6,05;6,99;7,18;-;7,33
12.07.2022;4,13;4,11;4,23;5,75;6,63;6,77;-;6,93;4,43;4,41;4,53;6,05;6,93;7,12;-;7,28
11.07.2022;4,23;4,21;4,38;5,75;6,57;6,72;-;6,89;4,52;4,51;4,68;6,04;6,87;7,06;-;7,24
08.07.2022;4,57;4,55;4,73;5,75;6,50;6,65;-;6,82;4,87;4,85;5,03;6,04;6,79;7,00;-;7,17
07.07.2022;4,95;4,93;5,11;5,75;6,46;6,55;-;6,72;5,25;5,23;5,41;6,04;6,76;6,90;-;7,07
06.07.2022;4,72;4,96;5,16;5,70;6,33;6,41;-;6,53;5,02;5,26;5,46;6,00;6,63;6,76;-;6,88
05.07.2022;4,74;4,74;5,03;5,69;6,30;6,38;-;6,48;5,04;5,04;5,33;5,99;6,60;6,72;-;6,83
04.07.2022;4,75;4,75;5,05;5,69;6,25;6,33;-;6,45;5,05;5,05;5,35;5,99;6,55;6,67;-;6,80
01.07.2022;4,75;4,75;4,95;5,68;6,17;6,26;-;6,38;5,05;5,05;5,25;5,98;6,47;6,60;-;6,73
30.06.2022;4,75;4,75;4,90;5,68;6,14;6,24;-;6,38;5,05;5,05;5,20;5,97;6,44;6,58;-;6,72
29.06.2022;4,74;4,75;4,89;5,66;6,11;6,19;-;6,35;5,04;5,05;5,19;5,96;6,41;6,53;-;6,69
28.06.2022;4,75;4,75;4,80;5,52;5,98;6,06;-;6,24;5,05;5,05;5,10;5,81;6,28;6,41;-;6,58
27.06.2022;4,75;4,75;4,75;5,48;5,96;6,04;-;6,24;5,05;5,05;5,05;5,78;6,26;6,39;-;6,58
24.06.2022;4,75;4,75;4,75;5,39;5,89;5,98;-;6,18;5,05;5,05;5,05;5,69;6,18;6,33;-;6,52
23.06.2022;2,72;4,73;4,75;5,39;5,88;5,98;-;6,17;3,02;5,03;5,05;5,69;6,18;6,32;-;6,52
22.06.2022;2,73;2,73;4,74;5,39;5,89;5,98;-;6,18;3,03;3,03;5,04;5,69;6,18;6,33;-;6,52
21.06.2022;2,97;2,97;4,67;5,37;5,89;5,97;-;6,16;3,27;3,27;4,97;5,67;6,18;6,31;-;6,50
20.06.2022;3,37;3,38;4,49;5,36;5,88;5,98;-;6,15;3,67;3,67;4,79;5,65;6,18;6,32;-;6,49
17.06.2022;3,65;3,65;4,33;5,36;5,88;5,97;-;6,15;3,95;3,95;4,63;5,65;6,17;6,31;-;6,49
16.06.2022;3,85;3,86;4,31;5,34;5,88;5,98;-;6,15;4,15;4,16;4,61;5,63;6,17;6,31;-;6,49
15.06.2022;4,64;4,62;4,68;5,31;5,87;5,95;-;6,14;4,93;4,91;4,98;5,60;6,15;6,30;-;6,49
14.06.2022;4,70;4,69;4,73;5,31;5,87;5,95;-;6,13;5,00;4,99;5,03;5,60;6,15;6,29;-;6,47
10.06.2022;4,72;4,71;4,74;5,31;5,86;5,93;-;6,12;5,02;5,01;5,04;5,61;6,15;6,28;-;6,47
09.06.2022;4,71;4,71;4,74;5,29;5,84;5,92;-;6,10;5,01;5,01;5,04;5,59;6,13;6,27;-;6,45
08.06.2022;4,71;4,71;4,74;5,30;5,81;5,89;-;6,06;5,01;5,01;5,04;5,59;6,10;6,23;-;6,41
07.06.2022;4,71;4,71;4,74;5,27;5,78;5,84;-;6,03;5,01;5,01;5,04;5,56;6,07;6,18;-;6,38
06.06.2022;4,74;4,74;4,74;5,25;5,76;5,82;-;6,02;5,04;5,04;5,04;5,55;6,05;6,17;-;6,36
03.06.2022;4,75;4,75;4,76;5,23;5,72;5,81;-;5,99;5,05;5,05;5,06;5,52;6,01;6,16;-;6,34
02.06.2022;4,74;4,74;4,75;5,20;5,70;5,80;-;5,99;5,04;5,04;5,05;5,50;5,99;6,15;-;6,33
31.05.2022;4,74;4,74;4,75;5,18;5,67;5,79;-;5,98;5,04;5,04;5,05;5,47;5,97;6,13;-;6,32
30.05.2022;4,74;4,74;4,75;5,15;5,66;5,78;-;5,97;5,04;5,04;5,05;5,44;5,95;6,12;-;6,31
27.05.2022;4,75;4,75;4,75;5,12;5,65;5,77;-;5,96;5,05;5,05;5,05;5,42;5,95;6,11;-;6,30
26.05.2022;4,75;4,75;4,75;5,08;5,64;5,74;-;5,95;5,05;5,05;5,05;5,38;5,93;6,08;-;6,29
25.05.2022;4,75;4,75;4,75;5,03;5,61;5,71;-;5,91;5,04;5,04;5,05;5,33;5,90;6,06;-;6,26
24.05.2022;4,75;4,75;4,75;4,97;5,54;5,68;-;5,85;5,05;5,04;5,05;5,27;5,83;6,03;-;6,19
23.05.2022;4,44;4,71;4,75;4,95;5,49;5,66;-;5,83;4,74;5,01;5,05;5,24;5,79;6,00;-;6,17
20.05.2022;3,55;3,53;4,72;4,91;5,41;5,61;-;5,76;3,84;3,83;5,02;5,21;5,71;5,95;-;6,11
19.05.2022;3,19;3,20;4,55;4,88;5,32;5,53;-;5,70;3,49;3,50;4,85;5,18;5,62;5,87;-;6,05
18.05.2022;2,93;2,92;3,60;4,85;5,28;5,46;-;5,68;3,23;3,22;3,90;5,14;5,57;5,80;-;6,03
17.05.2022;3,25;3,26;3,63;4,85;5,23;5,40;-;5,64;3,55;3,56;3,93;5,14;5,53;5,75;-;5,99
16.05.2022;4,04;4,03;4,17;4,85;5,22;5,38;-;5,60;4,33;4,33;4,47;5,15;5,52;5,71;-;5,94
13.05.2022;4,22;4,22;4,39;4,88;5,20;5,31;-;5,52;4,52;4,52;4,69;5,18;5,50;5,65;-;5,86
12.05.2022;4,63;4,62;4,70;4,88;5,14;5,25;-;5,45;4,93;4,92;5,00;5,18;5,44;5,59;-;5,79
11.05.2022;4,67;4,69;4,70;4,84;5,07;5,16;-;5,34;4,97;4,99;5,00;5,13;5,37;5,50;-;5,69
10.05.2022;4,00;4,46;4,49;4,67;4,91;4,97;-;5,06;4,30;4,76;4,79;4,97;5,21;5,32;-;5,41
09.05.2022;4,00;4,01;4,35;4,62;4,90;4,97;-;5,06;4,30;4,31;4,64;4,92;5,20;5,31;-;5,40
06.05.2022;4,00;4,00;4,27;4,61;4,90;4,96;-;5,04;4,30;4,30;4,57;4,91;5,20;5,31;-;5,39
05.05.2022;4,00;4,00;4,24;4,61;4,86;4,94;-;5,02;4,30;4,30;4,54;4,91;5,16;5,28;-;5,36
04.05.2022;4,00;4,00;4,14;4,59;4,80;4,89;-;4,99;4,30;4,30;4,44;4,89;5,10;5,24;-;5,33
03.05.2022;4,00;4,00;4,07;4,54;4,77;4,87;-;4,94;4,30;4,30;4,37;4,84;5,07;5,21;-;5,27
02.05.2022;3,99;3,99;4,00;4,51;4,71;4,78;-;4,84;4,29;4,29;4,30;4,81;5,01;5,13;-;5,19
29.04.2022;4,00;4,00;4,00;4,46;4,65;4,70;-;4,76;4,30;4,30;4,30;4,76;4,95;5,04;-;5,11
28.04.2022;3,99;3,99;3,99;4,43;4,58;4,65;-;4,72;4,29;4,29;4,29;4,73;4,88;5,00;-;5,07
27.04.2022;3,94;3,94;3,95;4,35;4,50;4,61;-;4,70;4,24;4,24;4,25;4,65;4,79;4,95;-;5,04
26.04.2022;3,92;3,92;3,93;4,34;4,46;4,58;-;4,66;4,22;4,22;4,23;4,64;4,76;4,92;-;5,01
21.04.2022;2,65;3,87;3,91;4,32;4,43;4,55;-;4,63;2,95;4,17;4,21;4,62;4,73;4,90;-;4,97
20.04.2022;1,94;2,15;3,84;4,29;4,41;4,52;-;4,61;2,24;2,45;4,14;4,59;4,71;4,88;-;4,96
19.04.2022;1,98;1,97;2,93;4,29;4,40;4,51;-;4,60;2,28;2,27;3,23;4,59;4,70;4,86;-;4,95
18.04.2022;2,02;2,04;2,86;4,29;4,40;4,49;-;4,57;2,32;2,34;3,16;4,59;4,70;4,84;-;4,92
15.04.2022;3,01;3,01;3,28;4,29;4,40;4,48;-;4,56;3,31;3,31;3,58;4,59;4,70;4,82;-;4,90
14.04.2022;3,15;3,16;3,31;4,27;4,40;4,47;-;4,56;3,45;3,46;3,61;4,57;4,70;4,82;-;4,91
13.04.2022;3,21;3,21;3,31;4,28;4,40;4,48;-;4,55;3,51;3,51;3,61;4,58;4,70;4,83;-;4,90
12.04.2022;3,52;3,52;3,66;4,29;4,41;4,49;-;4,55;3,82;3,82;3,96;4,59;4,71;4,84;-;4,90
11.04.2022;3,78;3,78;3,85;4,29;4,40;4,47;-;4,53;4,08;4,08;4,15;4,59;4,70;4,82;-;4,88
08.04.2022;3,82;3,83;3,88;4,28;4,40;4,46;-;4,52;4,12;4,13;4,18;4,58;4,70;4,81;-;4,87
07.04.2022;3,85;3,85;3,90;4,29;4,40;4,46;-;4,52;4,15;4,15;4,20;4,58;4,70;4,80;-;4,86
06.04.2022;3,86;3,86;3,91;4,27;4,38;4,43;-;4,48;4,16;4,16;4,21;4,57;4,68;4,78;-;4,83
05.04.2022;3,50;3,70;3,84;4,25;4,32;4,35;-;4,38;3,80;4,00;4,14;4,55;4,62;4,70;-;4,73
04.04.2022;3,50;3,50;3,75;4,23;4,31;4,35;-;4,38;3,80;3,80;4,05;4,53;4,61;4,70;-;4,73
01.04.2022;3,50;3,50;3,67;4,21;4,30;4,34;-;4,38;3,80;3,80;3,97;4,51;4,60;4,69;-;4,73
31.03.2022;3,50;3,50;3,63;4,20;4,30;4,33;-;4,38;3,80;3,80;3,93;4,50;4,60;4,68;-;4,73
30.03.2022;3,50;3,50;3,63;4,20;4,29;4,33;-;4,38;3,80;3,80;3,93;4,50;4,59;4,68;-;4,73
29.03.2022;3,50;3,50;3,58;4,18;4,26;4,31;-;4,37;3,80;3,80;3,88;4,48;4,56;4,66;-;4,72
28.03.2022;3,50;3,50;3,58;4,18;4,27;4,32;-;4,37;3,79;3,79;3,87;4,47;4,57;4,67;-;4,72
25.03.2022;3,50;3,50;3,56;4,15;4,26;4,31;-;4,37;3,79;3,79;3,86;4,45;4,56;4,66;-;4,72
24.03.2022;3,50;3,50;3,56;4,14;4,26;4,30;-;4,37;3,79;3,79;3,86;4,44;4,56;4,65;-;4,72
23.03.2022;3,40;3,51;3,56;4,14;4,25;4,31;-;4,37;3,69;3,80;3,86;4,44;4,55;4,65;-;4,72
22.03.2022;3,30;3,30;3,50;4,13;4,22;4,29;-;4,34;3,60;3,60;3,81;4,42;4,53;4,64;-;4,69
21.03.2022;3,35;3,35;3,50;4,08;4,18;4,23;-;4,29;3,65;3,65;3,81;4,38;4,49;4,58;-;4,64
18.03.2022;3,50;3,50;3,51;4,02;4,10;4,14;-;4,20;3,79;3,79;3,82;4,32;4,39;4,48;-;4,55
17.03.2022;3,50;3,50;3,50;4,01;4,07;4,09;-;4,17;3,79;3,79;3,79;4,30;4,37;4,44;-;4,52
16.03.2022;3,49;3,49;3,49;4,01;4,06;4,09;-;4,17;3,78;3,78;3,79;4,30;4,36;4,44;-;4,52
15.03.2022;3,50;3,50;3,50;4,02;4,06;4,08;-;4,17;3,79;3,79;3,79;4,32;4,37;4,43;-;4,52
14.03.2022;3,50;3,50;3,50;4,00;4,06;4,07;-;4,17;3,80;3,79;3,80;4,30;4,36;4,42;-;4,52
11.03.2022;3,50;3,50;3,50;3,99;4,06;4,07;-;4,17;3,79;3,80;3,80;4,29;4,36;4,42;-;4,51
10.03.2022;3,50;3,50;3,50;3,98;4,05;4,07;-;4,17;3,79;3,79;3,80;4,28;4,35;4,42;-;4,51
09.03.2022;3,50;3,50;3,50;3,96;4,04;4,07;-;4,16;3,79;3,79;3,80;4,26;4,34;4,41;-;4,49
08.03.2022;3,50;3,50;3,50;3,94;4,01;4,04;-;4,13;3,79;3,79;3,80;4,25;4,31;4,38;-;4,46
07.03.2022;3,50;3,50;3,51;3,83;3,94;3,96;-;4,06;3,79;3,79;3,80;4,12;4,25;4,30;-;4,40
04.03.2022;3,50;3,49;3,49;3,64;3,74;3,83;-;3,94;3,78;3,78;3,79;3,94;4,03;4,17;-;4,28
03.03.2022;3,46;3,46;3,46;3,52;3,67;3,79;-;3,91;3,75;3,75;3,75;3,81;3,97;4,14;-;4,26
02.03.2022;3,46;3,46;3,46;3,51;3,61;3,76;-;3,86;3,75;3,75;3,75;3,81;3,91;4,10;-;4,20
01.03.2022;3,47;3,47;3,46;3,48;3,57;3,73;-;3,83;3,76;3,76;3,76;3,77;3,87;4,07;-;4,17
28.02.2022;3,38;3,38;3,41;3,42;3,53;3,68;-;3,80;3,67;3,67;3,70;3,71;3,83;4,02;-;4,14
25.02.2022;3,34;3,34;3,37;3,38;3,48;3,61;-;3,73;3,63;3,63;3,67;3,67;3,78;3,95;-;4,08
24.02.2022;2,54;2,59;2,66;2,98;3,31;3,54;-;3,64;2,84;2,88;2,95;3,27;3,61;3,88;-;3,98
23.02.2022;1,39;2,39;2,45;2,94;3,26;3,46;-;3,60;1,67;2,68;2,74;3,23;3,56;3,80;-;3,94
22.02.2022;1,41;1,41;2,34;2,91;3,25;3,44;-;3,59;1,69;1,69;2,63;3,21;3,55;3,78;-;3,93
21.02.2022;1,41;1,41;2,25;2,91;3,25;3,44;-;3,59;1,70;1,70;2,54;3,20;3,55;3,78;-;3,93
18.02.2022;1,40;1,42;2,05;2,91;3,27;3,43;-;3,58;1,67;1,70;2,34;3,21;3,57;3,77;-;3,92
17.02.2022;1,44;1,44;2,00;2,93;3,26;3,41;-;3,57;1,74;1,74;2,30;3,23;3,56;3,76;-;3,91
16.02.2022;1,74;1,75;2,05;3,03;3,24;3,41;-;3,56;2,03;2,04;2,34;3,32;3,54;3,75;-;3,90
15.02.2022;2,49;2,49;2,64;3,09;3,25;3,41;-;3,56;2,78;2,78;2,93;3,38;3,55;3,75;-;3,90
14.02.2022;2,75;2,75;2,81;3,09;3,25;3,39;-;3,53;3,04;3,04;3,10;3,38;3,55;3,73;-;3,88
11.02.2022;2,89;2,90;3,00;3,10;3,25;3,39;-;3,54;3,18;3,19;3,30;3,39;3,55;3,73;-;3,89
10.02.2022;3,03;3,03;3,09;3,11;3,23;3,37;-;3,52;3,31;3,31;3,38;3,41;3,53;3,71;-;3,87
09.02.2022;2,77;2,78;2,81;2,83;2,99;3,09;-;3,21;3,06;3,07;3,10;3,12;3,29;3,43;-;3,56
08.02.2022;2,76;2,76;2,80;2,80;2,92;3,03;-;3,13;3,05;3,05;3,09;3,09;3,22;3,37;-;3,48
07.02.2022;2,70;2,70;2,71;2,74;2,89;2,99;-;3,11;2,99;2,99;3,00;3,04;3,19;3,33;-;3,45
04.02.2022;2,30;2,30;2,34;2,57;2,81;2,94;-;3,05;2,59;2,59;2,63;2,86;3,11;3,28;-;3,40
03.02.2022;2,00;2,00;2,05;2,44;2,75;2,89;-;2,98;2,29;2,30;2,34;2,74;3,05;3,23;-;3,33
02.02.2022;1,96;1,99;2,00;2,41;2,75;2,87;-;2,97;2,25;2,28;2,29;2,71;3,05;3,21;-;3,31
01.02.2022;2,01;2,00;2,00;2,40;2,75;2,87;-;2,96;2,30;2,30;2,29;2,69;3,05;3,21;-;3,31
31.01.2022;1,94;1,96;1,97;2,40;2,75;2,87;-;2,95;2,23;2,25;2,26;2,69;3,05;3,21;-;3,30
28.01.2022;1,91;1,92;1,95;2,39;2,75;2,86;-;2,95;2,19;2,21;2,24;2,69;3,05;3,21;-;3,30
27.01.2022;1,92;1,94;1,95;2,39;2,75;2,86;-;2,95;2,20;2,22;2,25;2,69;3,05;3,20;-;3,30
26.01.2022;1,94;1,94;1,95;2,40;2,76;2,86;-;2,95;2,22;2,22;2,25;2,69;3,06;3,20;-;3,30
25.01.2022;1,91;1,92;1,95;2,40;2,75;2,86;-;2,95;2,21;2,21;2,25;2,69;3,05;3,21;-;3,29
21.01.2022;1,29;1,89;1,88;2,40;2,75;2,86;-;2,95;1,58;2,18;2,18;2,69;3,05;3,21;-;3,29
20.01.2022;0,88;0,94;1,74;2,39;2,75;2,86;-;2,95;1,16;1,24;2,04;2,68;3,05;3,20;-;3,29
19.01.2022;0,89;0,89;1,52;2,39;2,75;2,85;-;2,95;1,18;1,18;1,81;2,68;3,05;3,20;-;3,30
18.01.2022;0,92;0,92;1,58;2,40;2,75;2,85;-;2,95;1,20;1,20;1,87;2,69;3,05;3,20;-;3,30
17.01.2022;1,26;1,27;1,69;2,39;2,75;2,85;-;2,95;1,55;1,57;1,99;2,69;3,05;3,20;-;3,29
14.01.2022;0,92;1,38;1,72;2,40;2,75;2,85;-;2,94;1,20;1,67;2,01;2,69;3,05;3,20;-;3,29
13.01.2022;0,94;0,95;1,72;2,40;2,75;2,85;-;2,94;1,22;1,23;2,01;2,69;3,05;3,20;-;3,28
12.01.2022;0,96;0,97;1,42;2,40;2,74;2,85;-;2,94;1,25;1,26;1,72;2,69;3,04;3,20;-;3,28
11.01.2022;1,36;1,39;1,64;2,44;2,76;2,85;-;2,93;1,65;1,67;1,93;2,74;3,07;3,20;-;3,28
10.01.2022;1,42;1,61;1,75;2,44;2,76;2,84;-;2,93;1,71;1,90;2,05;2,74;3,05;3,18;-;3,26
07.01.2022;1,20;1,51;1,78;2,44;2,75;2,83;-;2,92;1,49;1,80;2,08;2,74;3,05;3,17;-;3,26
06.01.2022;1,52;1,52;1,81;2,44;2,75;2,82;-;2,91;1,81;1,81;2,10;2,74;3,05;3,15;-;3,25
05.01.2022;1,71;1,71;1,90;2,45;2,73;2,80;-;2,89;2,00;2,00;2,19;2,75;3,03;3,15;-;3,24
04.01.2022;1,71;1,71;1,90;2,45;2,71;2,80;-;2,90;2,00;2,00;2,19;2,74;3,01;3,14;-;3,23
03.01.2022;1,82;1,82;1,95;2,48;2,71;2,80;-;2,89;2,11;2,11;2,25;2,78;3,02;3,14;-;3,24
31.12.2021;1,85;1,86;2,06;2,49;2,71;2,79;-;2,88;2,13;2,15;2,35;2,79;3,01;3,13;-;3,23
30.12.2021;1,83;1,88;2,04;2,49;2,69;2,79;-;2,87;2,11;2,18;2,34;2,78;2,99;3,13;-;3,21
29.12.2021;1,89;1,90;2,10;2,48;2,66;2,79;-;2,87;2,18;2,19;2,39;2,78;2,96;3,13;-;3,21
28.12.2021;2,15;2,15;2,27;2,51;2,67;2,78;-;2,86;2,44;2,43;2,56;2,81;2,96;3,12;-;3,20
27.12.2021;2,25;2,25;2,34;2,52;2,67;2,78;-;2,86;2,54;2,54;2,64;2,81;2,97;3,12;-;3,20
24.12.2021;2,28;2,27;2,34;2,50;2,68;2,79;-;2,85;2,56;2,56;2,63;2,80;2,98;3,13;-;3,20
23.12.2021;1,45;2,27;2,36;2,51;2,67;2,77;-;2,84;1,74;2,56;2,66;2,81;2,97;3,11;-;3,18
22.12.2021;2,34;2,34;2,40;2,51;2,67;2,77;-;2,84;2,62;2,62;2,69;2,80;2,97;3,11;-;3,18
21.12.2021;2,42;2,42;2,41;2,48;2,63;2,75;-;2,81;2,71;2,71;2,71;2,78;2,93;3,09;-;3,15
20.12.2021;2,25;2,25;2,28;2,42;2,59;2,72;-;2,79;2,54;2,54;2,57;2,72;2,89;3,06;-;3,13
17.12.2021;1,81;1,81;1,96;2,40;2,52;2,68;-;2,77;2,10;2,10;2,25;2,70;2,82;3,02;-;3,11
16.12.2021;1,77;1,78;1,91;2,37;2,50;2,65;-;2,74;2,06;2,07;2,21;2,66;2,80;2,99;-;3,09
15.12.2021;1,79;1,79;1,91;2,32;2,45;2,61;-;2,71;2,09;2,09;2,21;2,62;2,75;2,96;-;3,06
14.12.2021;1,86;1,86;1,95;2,33;2,45;2,61;-;2,71;2,15;2,15;2,24;2,63;2,75;2,95;-;3,05
13.12.2021;1,92;1,92;2,01;2,32;2,44;2,59;-;2,69;2,21;2,21;2,31;2,61;2,73;2,93;-;3,04
10.12.2021;1,96;1,96;2,04;2,31;2,42;2,58;-;2,69;2,25;2,25;2,34;2,60;2,72;2,92;-;3,03
09.12.2021;2,00;2,00;2,07;2,30;2,42;2,57;-;2,68;2,29;2,29;2,36;2,60;2,71;2,91;-;3,02
08.12.2021;2,00;2,00;2,08;2,29;2,41;2,56;-;2,66;2,29;2,29;2,37;2,59;2,71;2,90;-;3,01
07.12.2021;2,00;2,00;2,08;2,27;2,38;2,53;-;2,64;2,29;2,29;2,37;2,57;2,68;2,87;-;2,98
06.12.2021;2,00;2,00;2,08;2,26;2,37;2,52;-;2,62;2,29;2,29;2,38;2,56;2,67;2,87;-;2,97
03.12.2021;2,00;2,00;2,09;2,26;2,36;2,51;-;2,62;2,29;2,30;2,38;2,55;2,66;2,86;-;2,96
02.12.2021;2,03;2,03;2,09;2,25;2,36;2,51;-;2,61;2,31;2,31;2,38;2,55;2,66;2,85;-;2,95
29.11.2021;2,01;2,01;2,06;2,25;2,36;2,52;-;2,61;2,30;2,30;2,35;2,54;2,66;2,85;-;2,95
26.11.2021;1,83;1,83;1,90;2,21;2,33;2,49;-;2,57;2,12;2,12;2,19;2,50;2,63;2,83;-;2,92
25.11.2021;1,79;1,78;1,85;2,20;2,31;2,47;-;2,56;2,08;2,07;2,14;2,49;2,61;2,81;-;2,91
24.11.2021;1,75;1,75;1,79;2,19;2,31;2,46;-;2,55;2,04;2,04;2,09;2,49;2,61;2,80;-;2,89
23.11.2021;0,92;1,71;1,76;2,19;2,31;2,46;-;2,56;1,21;2,00;2,05;2,48;2,61;2,80;-;2,90
22.11.2021;0,91;0,91;1,75;2,19;2,31;2,44;-;2,54;1,20;1,20;2,04;2,48;2,61;2,78;-;2,88
19.11.2021;0,88;0,89;1,69;2,19;2,31;2,41;-;2,51;1,18;1,19;1,99;2,48;2,61;2,76;-;2,86
18.11.2021;0,91;0,91;1,56;2,19;2,30;2,42;-;2,52;1,21;1,21;1,86;2,48;2,60;2,76;-;2,86
17.11.2021;0,95;0,95;1,45;2,18;2,30;2,40;-;2,51;1,23;1,23;1,74;2,48;2,60;2,75;-;2,85
16.11.2021;1,30;1,30;1,50;2,18;2,30;2,39;-;2,50;1,59;1,60;1,79;2,47;2,60;2,74;-;2,84
15.11.2021;1,51;1,52;1,64;2,17;2,29;2,38;-;2,48;1,80;1,81;1,93;2,46;2,59;2,72;-;2,83
12.11.2021;1,58;1,61;1,70;2,17;2,29;2,38;-;2,48;1,88;1,90;1,99;2,46;2,59;2,72;-;2,82
11.11.2021;1,77;1,77;1,84;2,18;2,28;2,35;-;2,46;2,06;2,06;2,14;2,47;2,58;2,70;-;2,81
10.11.2021;1,86;1,84;1,95;2,18;2,25;2,32;-;2,44;2,15;2,13;2,24;2,47;2,55;2,67;-;2,79
09.11.2021;1,83;1,84;1,99;2,14;2,19;2,24;-;2,34;2,11;2,13;2,28;2,43;2,48;2,58;-;2,69
08.11.2021;1,80;1,81;1,94;2,09;2,15;2,21;-;2,32;2,09;2,10;2,23;2,38;2,45;2,56;-;2,66
05.11.2021;1,73;1,74;1,86;2,06;2,13;2,19;-;2,30;2,02;2,03;2,15;2,36;2,43;2,53;-;2,64
04.11.2021;1,70;1,71;1,81;2,02;2,10;2,17;-;2,27;1,99;2,00;2,10;2,32;2,40;2,51;-;2,61
03.11.2021;1,70;1,70;1,75;1,99;2,06;2,14;-;2,23;1,99;1,99;2,05;2,28;2,36;2,48;-;2,57
02.11.2021;1,68;1,69;1,74;1,98;2,06;2,14;-;2,23;1,97;1,98;2,03;2,27;2,36;2,48;-;2,57
01.11.2021;1,71;1,71;1,75;1,98;2,06;2,14;-;2,22;1,99;1,99;2,04;2,27;2,36;2,48;-;2,57
29.10.2021;1,70;1,71;1,76;1,97;2,06;2,13;-;2,22;1,98;2,00;2,05;2,27;2,36;2,47;-;2,56
28.10.2021;1,75;1,76;1,83;1,98;2,05;2,13;-;2,21;2,03;2,05;2,12;2,27;2,35;2,47;-;2,56
27.10.2021;1,80;1,80;1,84;1,99;2,04;2,11;-;2,20;2,08;2,08;2,14;2,28;2,34;2,46;-;2,54
26.10.2021;1,85;1,85;1,86;1,98;2,03;2,11;-;2,19;2,14;2,14;2,15;2,28;2,33;2,45;-;2,53
25.10.2021;1,83;1,83;1,82;1,96;2,00;2,08;-;2,16;2,11;2,12;2,11;2,25;2,30;2,42;-;2,50
22.10.2021;0,98;1,77;1,78;1,94;1,99;2,07;-;2,15;1,28;2,06;2,07;2,24;2,29;2,41;-;2,49
21.10.2021;0,94;0,99;1,72;1,93;1,95;2,06;-;2,13;1,23;1,28;2,01;2,22;2,25;2,40;-;2,47
20.10.2021;0,95;0,96;1,68;1,91;1,95;2,03;-;2,12;1,24;1,25;1,97;2,20;2,25;2,38;-;2,46
19.10.2021;1,01;1,02;1,67;1,87;1,91;2,02;-;2,10;1,30;1,31;1,97;2,17;2,21;2,36;-;2,44
18.10.2021;1,54;1,55;1,71;1,87;1,90;1,99;-;2,06;1,83;1,85;2,00;2,16;2,20;2,33;-;2,41
15.10.2021;1,71;1,72;1,74;1,87;1,90;1,97;-;2,05;2,01;2,01;2,04;2,17;2,20;2,31;-;2,40
14.10.2021;1,70;1,70;1,70;1,82;1,85;1,93;-;1,99;2,00;1,99;1,99;2,11;2,15;2,27;-;2,34
13.10.2021;1,71;1,71;1,71;1,81;1,83;1,90;-;1,97;2,01;2,00;2,00;2,10;2,13;2,25;-;2,31
12.10.2021;1,71;1,72;1,71;1,81;1,81;1,87;-;1,93;2,01;2,01;2,01;2,10;2,11;2,21;-;2,28
11.10.2021;1,72;1,73;1,75;1,81;1,81;1,85;-;1,91;2,02;2,01;2,04;2,10;2,11;2,19;-;2,25
08.10.2021;1,76;1,75;1,75;1,80;1,80;1,85;-;1,91;2,05;2,03;2,03;2,10;2,10;2,19;-;2,25
07.10.2021;1,76;1,75;1,76;1,80;1,80;1,84;-;1,90;2,05;2,04;2,05;2,09;2,10;2,18;-;2,25
06.10.2021;1,76;1,76;1,76;1,78;1,77;1,82;-;1,88;2,06;2,05;2,05;2,07;2,07;2,16;-;2,22
05.10.2021;1,51;1,50;1,50;1,52;1,51;1,56;-;1,65;1,80;1,79;1,79;1,81;1,81;1,89;-;1,98
04.10.2021;1,50;1,50;1,50;1,51;1,51;1,53;-;1,63;1,79;1,79;1,79;1,81;1,81;1,87;-;1,97
01.10.2021;1,50;1,50;1,50;1,50;1,48;1,51;-;1,61;1,79;1,79;1,80;1,80;1,79;1,86;-;1,96
30.09.2021;1,49;1,50;1,49;1,47;1,47;1,49;-;1,59;1,78;1,78;1,78;1,77;1,77;1,84;-;1,94
29.09.2021;1,46;1,46;1,45;1,44;1,44;1,46;-;1,57;1,75;1,75;1,75;1,74;1,74;1,80;-;1,91
28.09.2021;1,32;1,32;1,35;1,35;1,40;1,45;-;1,54;1,60;1,60;1,65;1,64;1,69;1,79;-;1,88
27.09.2021;1,29;1,29;1,32;1,34;1,38;1,43;-;1,53;1,58;1,58;1,60;1,63;1,67;1,77;-;1,87
24.09.2021;1,19;1,22;1,25;1,31;1,35;1,41;-;1,50;1,48;1,52;1,55;1,60;1,65;1,74;-;1,84
23.09.2021;0,63;1,17;1,20;1,28;1,31;1,40;-;1,50;0,91;1,46;1,50;1,57;1,61;1,74;-;1,84
22.09.2021;0,64;0,64;1,08;1,27;1,31;1,40;-;1,50;0,93;0,93;1,37;1,56;1,61;1,74;-;1,84
21.09.2021;0,67;0,68;1,01;1,26;1,31;1,40;-;1,50;0,96;0,97;1,31;1,55;1,61;1,74;-;1,84
20.09.2021;0,70;0,70;1,00;1,25;1,31;1,40;-;1,50;0,99;0,99;1,30;1,54;1,61;1,74;-;1,84
17.09.2021;0,73;0,73;0,97;1,25;1,31;1,40;-;1,50;1,02;1,02;1,26;1,54;1,61;1,74;-;1,84
16.09.2021;0,83;0,84;0,98;1,25;1,31;1,40;-;1,50;1,12;1,13;1,27;1,54;1,61;1,74;-;1,84
15.09.2021;0,86;0,88;0,98;1,25;1,31;1,40;-;1,50;1,15;1,16;1,28;1,54;1,61;1,74;-;1,84
14.09.2021;0,94;0,95;1,02;1,26;1,31;1,40;-;1,50;1,23;1,23;1,31;1,55;1,60;1,73;-;1,83
13.09.2021;1,00;1,00;1,07;1,26;1,31;1,40;-;1,49;1,28;1,28;1,36;1,55;1,61;1,73;-;1,83
10.09.2021;1,01;1,01;1,09;1,27;1,31;1,41;-;1,50;1,29;1,29;1,37;1,56;1,61;1,74;-;1,84
09.09.2021;1,05;1,06;1,10;1,27;1,31;1,40;-;1,49;1,33;1,33;1,38;1,56;1,61;1,73;-;1,82
08.09.2021;1,07;1,08;1,12;1,28;1,31;1,40;-;1,49;1,35;1,35;1,41;1,57;1,61;1,73;-;1,82
07.09.2021;1,09;1,09;1,14;1,28;1,31;1,40;-;1,49;1,37;1,37;1,43;1,57;1,61;1,73;-;1,82
06.09.2021;1,10;1,10;1,15;1,28;1,31;1,39;-;1,49;1,38;1,38;1,43;1,57;1,60;1,73;-;1,83
03.09.2021;1,09;1,09;1,15;1,28;1,30;1,39;-;1,49;1,37;1,38;1,44;1,57;1,60;1,73;-;1,82
02.09.2021;1,11;1,12;1,18;1,28;1,31;1,39;-;1,49;1,39;1,39;1,46;1,57;1,60;1,73;-;1,82
01.09.2021;1,15;1,15;1,19;1,28;1,30;1,39;-;1,48;1,43;1,43;1,48;1,58;1,60;1,73;-;1,82
31.08.2021;1,19;1,19;1,24;1,29;1,30;1,39;-;1,49;1,48;1,49;1,54;1,58;1,60;1,73;-;1,82
30.08.2021;1,21;1,22;1,24;1,29;1,30;1,39;-;1,48;1,49;1,50;1,53;1,58;1,60;1,73;-;1,82
27.08.2021;1,23;1,23;1,25;1,29;1,30;1,39;-;1,48;1,52;1,52;1,54;1,58;1,60;1,73;-;1,81
26.08.2021;1,25;1,25;1,26;1,29;1,30;1,39;-;1,47;1,54;1,54;1,56;1,58;1,60;1,73;-;1,81
25.08.2021;1,22;1,23;1,26;1,29;1,30;1,39;-;1,46;1,51;1,52;1,55;1,58;1,60;1,73;-;1,80
24.08.2021;1,18;1,21;1,25;1,28;1,30;1,39;-;1,45;1,48;1,50;1,55;1,58;1,60;1,72;-;1,80
23.08.2021;0,70;1,21;1,25;1,28;1,30;1,38;-;1,45;0,97;1,50;1,55;1,57;1,60;1,72;-;1,79
20.08.2021;0,69;0,69;1,20;1,25;1,27;1,36;-;1,45;0,97;0,97;1,48;1,55;1,57;1,69;-;1,79
19.08.2021;0,69;0,69;1,12;1,23;1,24;1,33;-;1,45;0,96;0,96;1,40;1,52;1,54;1,67;-;1,78
18.08.2021;0,70;0,70;1,01;1,20;1,23;1,32;-;1,44;0,97;0,97;1,31;1,50;1,53;1,66;-;1,77
17.08.2021;0,77;0,77;1,01;1,20;1,23;1,32;-;1,44;1,05;1,05;1,30;1,50;1,53;1,66;-;1,77
16.08.2021;1,09;1,09;1,15;1,20;1,23;1,32;-;1,44;1,38;1,38;1,44;1,50;1,53;1,66;-;1,77
13.08.2021;1,11;1,11;1,15;1,20;1,23;1,32;-;1,43;1,40;1,40;1,45;1,50;1,53;1,66;-;1,77
12.08.2021;1,12;1,13;1,15;1,20;1,23;1,31;-;1,43;1,41;1,42;1,45;1,49;1,53;1,65;-;1,77
11.08.2021;1,11;1,11;1,15;1,20;1,23;1,32;-;1,43;1,40;1,40;1,44;1,49;1,53;1,65;-;1,76
10.08.2021;1,09;1,09;1,14;1,20;1,22;1,31;-;1,42;1,38;1,38;1,44;1,49;1,52;1,65;-;1,76
09.08.2021;1,05;1,05;1,13;1,19;1,22;1,31;-;1,42;1,33;1,33;1,42;1,49;1,52;1,65;-;1,76
06.08.2021;1,04;1,05;1,14;1,19;1,22;1,30;-;1,42;1,33;1,33;1,43;1,49;1,52;1,64;-;1,76
05.08.2021;1,04;1,06;1,13;1,19;1,22;1,30;-;1,42;1,33;1,34;1,42;1,49;1,52;1,64;-;1,76
04.08.2021;1,08;1,08;1,13;1,20;1,22;1,30;-;1,42;1,36;1,36;1,43;1,49;1,52;1,64;-;1,76
03.08.2021;1,09;1,10;1,14;1,20;1,22;1,30;-;1,42;1,37;1,38;1,44;1,49;1,52;1,64;-;1,75
02.08.2021;1,10;1,10;1,14;1,19;1,22;1,31;-;1,41;1,38;1,38;1,44;1,49;1,52;1,64;-;1,75
30.07.2021;1,10;1,10;1,15;1,19;1,22;1,31;-;1,43;1,38;1,38;1,45;1,49;1,52;1,65;-;1,77
29.07.2021;1,08;1,08;1,15;1,20;1,22;1,32;-;1,43;1,36;1,36;1,45;1,49;1,52;1,66;-;1,77
28.07.2021;1,09;1,09;1,15;1,20;1,22;1,31;-;1,43;1,37;1,37;1,44;1,49;1,52;1,65;-;1,76
27.07.2021;1,11;1,11;1,15;1,20;1,22;1,31;-;1,42;1,39;1,40;1,44;1,49;1,52;1,65;-;1,76
26.07.2021;1,10;1,10;1,11;1,20;1,21;1,31;-;1,41;1,38;1,38;1,41;1,49;1,51;1,65;-;1,75
23.07.2021;0,75;0,95;1,02;1,19;1,21;1,31;-;1,43;1,03;1,23;1,31;1,48;1,50;1,65;-;1,76
22.07.2021;0,70;0,70;1,00;1,18;1,20;1,31;-;1,42;0,96;0,96;1,29;1,47;1,50;1,65;-;1,76
21.07.2021;0,70;0,70;0,99;1,17;1,21;1,31;-;1,43;0,95;0,95;1,28;1,46;1,50;1,65;-;1,76
20.07.2021;0,69;0,69;0,98;1,17;1,21;1,31;-;1,43;0,94;0,94;1,26;1,46;1,50;1,65;-;1,76
19.07.2021;0,70;0,71;0,97;1,17;1,21;1,31;-;1,43;0,97;0,97;1,25;1,46;1,50;1,65;-;1,76
16.07.2021;0,68;0,69;0,91;1,17;1,21;1,31;-;1,42;0,93;0,94;1,20;1,46;1,51;1,65;-;1,76
15.07.2021;0,70;0,72;0,91;1,17;1,20;1,31;-;1,42;0,97;0,98;1,20;1,46;1,50;1,65;-;1,76
14.07.2021;0,79;0,79;0,94;1,16;1,21;1,31;-;1,42;1,06;1,06;1,22;1,45;1,50;1,65;-;1,76
13.07.2021;0,89;0,89;0,97;1,16;1,21;1,31;-;1,43;1,16;1,16;1,25;1,45;1,50;1,65;-;1,76
12.07.2021;0,96;0,96;0,99;1,16;1,21;1,31;-;1,42;1,23;1,23;1,27;1,45;1,50;1,65;-;1,76
09.07.2021;0,94;0,94;0,99;1,16;1,21;1,31;-;1,42;1,22;1,22;1,28;1,45;1,51;1,65;-;1,76
08.07.2021;0,94;0,94;0,99;1,16;1,21;1,30;-;1,42;1,23;1,23;1,28;1,45;1,50;1,63;-;1,76
07.07.2021;0,94;0,94;0,99;1,16;1,20;1,30;-;1,42;1,22;1,22;1,28;1,45;1,49;1,64;-;1,75
06.07.2021;0,93;0,93;0,99;1,16;1,20;1,30;-;1,42;1,21;1,21;1,28;1,45;1,50;1,64;-;1,76
05.07.2021;0,94;0,94;0,99;1,16;1,20;1,30;-;1,42;1,23;1,23;1,29;1,45;1,50;1,64;-;1,76
02.07.2021;0,89;0,90;0,99;1,16;1,20;1,30;-;1,42;1,18;1,19;1,28;1,45;1,50;1,64;-;1,76
01.07.2021;0,91;0,91;0,99;1,17;1,20;1,30;-;1,42;1,20;1,20;1,29;1,46;1,50;1,64;-;1,76
30.06.2021;0,85;0,84;0,96;1,16;1,20;1,30;-;1,41;1,13;1,13;1,25;1,45;1,50;1,64;-;1,75
29.06.2021;0,81;0,81;0,96;1,16;1,20;1,30;-;1,41;1,10;1,10;1,25;1,45;1,50;1,64;-;1,75
28.06.2021;0,85;0,85;0,96;1,16;1,21;1,30;-;1,41;1,13;1,13;1,25;1,45;1,51;1,64;-;1,75
25.06.2021;0,85;0,85;0,96;1,16;1,20;1,30;-;1,40;1,15;1,14;1,25;1,45;1,50;1,64;-;1,75
24.06.2021;0,94;0,94;0,99;1,17;1,20;1,30;-;1,41;1,23;1,24;1,29;1,46;1,50;1,64;-;1,75
23.06.2021;0,63;0,99;1,03;1,16;1,19;1,30;-;1,40;0,90;1,28;1,32;1,45;1,49;1,64;-;1,75
22.06.2021;0,69;0,70;1,00;1,17;1,19;1,30;-;1,40;0,96;0,98;1,28;1,45;1,49;1,63;-;1,75
18.06.2021;0,72;0,72;0,96;1,16;1,19;1,30;-;1,40;1,01;1,01;1,25;1,45;1,49;1,63;-;1,75
17.06.2021;0,76;0,77;0,95;1,17;1,20;1,30;-;1,40;1,05;1,05;1,24;1,45;1,49;1,63;-;1,75
16.06.2021;0,81;0,81;0,96;1,17;1,19;1,30;-;1,40;1,10;1,10;1,24;1,45;1,49;1,63;-;1,74
15.06.2021;0,89;0,89;0,96;1,16;1,19;1,30;-;1,40;1,18;1,18;1,25;1,45;1,49;1,64;-;1,75
14.06.2021;0,88;0,88;0,96;1,16;1,19;1,30;-;1,40;1,16;1,16;1,25;1,45;1,49;1,64;-;1,75
11.06.2021;0,91;0,91;0,96;1,15;1,19;1,30;-;1,40;1,19;1,19;1,25;1,44;1,49;1,63;-;1,75
10.06.2021;0,89;0,89;0,95;1,15;1,19;1,30;-;1,40;1,16;1,17;1,24;1,44;1,49;1,62;-;1,75
09.06.2021;0,91;0,91;0,96;1,14;1,19;1,30;-;1,40;1,19;1,19;1,24;1,43;1,49;1,62;-;1,75
08.06.2021;0,96;0,96;0,98;1,15;1,19;1,30;-;1,40;1,24;1,24;1,26;1,44;1,49;1,63;-;1,74
07.06.2021;0,76;0,76;0,94;1,15;1,19;1,30;-;1,40;1,05;1,05;1,22;1,44;1,49;1,63;-;1,75
04.06.2021;0,83;0,83;0,98;1,15;1,21;1,30;-;1,40;1,09;1,09;1,26;1,44;1,50;1,64;-;1,75
03.06.2021;0,86;0,86;0,99;1,16;1,22;1,31;-;1,40;1,13;1,13;1,27;1,45;1,52;1,65;-;1,74
02.06.2021;0,90;0,91;0,99;1,18;1,23;1,32;-;1,40;1,17;1,18;1,27;1,46;1,53;1,65;-;1,74
31.05.2021;0,98;0,98;1,05;1,19;1,23;1,32;-;1,40;1,26;1,26;1,34;1,48;1,53;1,65;-;1,75
28.05.2021;1,04;1,04;1,11;1,19;1,24;1,32;-;1,40;1,32;1,32;1,40;1,48;1,54;1,65;-;1,74
27.05.2021;1,10;1,10;1,15;1,20;1,24;1,32;-;1,40;1,38;1,39;1,45;1,49;1,54;1,65;-;1,75
26.05.2021;1,11;1,12;1,15;1,20;1,24;1,32;-;1,40;1,39;1,40;1,45;1,49;1,54;1,65;-;1,75
25.05.2021;1,10;1,11;1,15;1,20;1,24;1,32;-;1,40;1,38;1,39;1,45;1,49;1,54;1,65;-;1,75
24.05.2021;1,09;1,10;1,15;1,21;1,24;1,32;-;1,40;1,36;1,38;1,45;1,49;1,54;1,65;-;1,75
21.05.2021;0,69;1,02;1,08;1,20;1,24;1,33;-;1,40;0,97;1,30;1,38;1,49;1,54;1,66;-;1,74
20.05.2021;0,68;0,68;1,00;1,20;1,24;1,32;-;1,40;0,93;0,94;1,30;1,49;1,54;1,65;-;1,75
19.05.2021;0,66;0,66;0,99;1,20;1,24;1,33;-;1,40;0,92;0,92;1,29;1,49;1,54;1,66;-;1,75
18.05.2021;0,68;0,68;0,98;1,21;1,24;1,33;-;1,40;0,95;0,95;1,27;1,49;1,54;1,66;-;1,75
17.05.2021;0,89;0,89;0,99;1,21;1,24;1,32;-;1,40;1,18;1,18;1,28;1,50;1,54;1,65;-;1,75
14.05.2021;0,68;0,69;0,76;1,20;1,24;1,32;-;1,40;0,96;0,98;1,05;1,50;1,54;1,65;-;1,75
13.05.2021;0,68;0,69;0,77;1,20;1,24;1,32;-;1,40;0,97;0,97;1,06;1,50;1,54;1,65;-;1,75
12.05.2021;0,69;0,69;0,80;1,21;1,24;1,33;-;1,40;0,98;0,98;1,09;1,50;1,54;1,66;-;1,74
11.05.2021;0,70;0,70;0,80;1,21;1,24;1,33;-;1,40;0,99;0,99;1,09;1,50;1,54;1,66;-;1,75
10.05.2021;0,85;0,84;0,94;1,27;1,29;1,34;-;1,40;1,14;1,13;1,24;1,55;1,59;1,68;-;1,75
07.05.2021;0,94;0,95;1,05;1,29;1,30;1,34;-;1,40;1,23;1,24;1,34;1,58;1,59;1,68;-;1,75
06.05.2021;1,05;1,05;1,15;1,29;1,30;1,34;-;1,40;1,33;1,33;1,44;1,59;1,59;1,68;-;1,75
05.05.2021;1,10;1,10;1,18;1,30;1,30;1,34;-;1,40;1,40;1,40;1,48;1,59;1,59;1,68;-;1,75
04.05.2021;1,19;1,19;1,25;1,30;1,30;1,34;-;1,40;1,48;1,48;1,55;1,60;1,59;1,68;-;1,75
29.04.2021;1,29;1,29;1,31;1,30;1,30;1,35;-;1,41;1,57;1,57;1,61;1,60;1,59;1,68;-;1,75
28.04.2021;1,29;1,30;1,30;1,31;1,30;1,34;-;1,40;1,56;1,59;1,60;1,60;1,59;1,68;-;1,75
27.04.2021;1,28;1,28;1,30;1,30;1,30;1,35;-;1,40;1,55;1,55;1,60;1,59;1,59;1,68;-;1,74
26.04.2021;1,24;1,25;1,28;1,30;1,30;1,35;-;1,40;1,53;1,53;1,58;1,59;1,59;1,68;-;1,74
23.04.2021;0,68;1,21;1,24;1,30;1,30;1,35;-;1,40;0,98;1,50;1,53;1,59;1,59;1,68;-;1,74
22.04.2021;0,63;0,69;1,11;1,30;1,30;1,35;-;1,40;0,89;0,96;1,40;1,59;1,59;1,69;-;1,75
21.04.2021;0,61;0,62;1,00;1,30;1,30;1,35;-;1,40;0,89;0,89;1,29;1,58;1,59;1,68;-;1,74
20.04.2021;0,63;0,63;1,00;1,30;1,30;1,35;-;1,40;0,91;0,91;1,28;1,58;1,59;1,69;-;1,75
19.04.2021;0,69;0,69;0,98;1,30;1,30;1,35;-;1,40;0,97;0,97;1,27;1,58;1,59;1,68;-;1,74
16.04.2021;0,70;0,70;0,97;1,30;1,30;1,34;-;1,40;0,99;0,99;1,26;1,58;1,59;1,68;-;1,74
15.04.2021;0,92;0,92;0,99;1,30;1,30;1,35;-;1,40;1,20;1,20;1,28;1,59;1,59;1,68;-;1,74
14.04.2021;0,69;0,69;0,84;1,30;1,30;1,35;-;1,40;0,96;0,96;1,14;1,59;1,60;1,68;-;1,74
13.04.2021;0,70;0,70;0,86;1,30;1,31;1,35;-;1,40;0,98;0,98;1,15;1,59;1,61;1,68;-;1,74
12.04.2021;0,69;0,70;0,85;1,30;1,31;1,35;-;1,40;0,98;0,98;1,14;1,59;1,62;1,69;-;1,75
09.04.2021;0,70;0,72;0,88;1,30;1,32;1,35;-;1,41;0,97;0,99;1,16;1,58;1,62;1,69;-;1,75
08.04.2021;0,79;0,81;0,96;1,33;1,34;1,36;-;1,41;1,07;1,08;1,24;1,61;1,63;1,70;-;1,75
07.04.2021;1,18;1,18;1,25;1,35;1,35;1,38;-;1,41;1,46;1,46;1,54;1,65;1,65;1,71;-;1,75
06.04.2021;1,35;1,35;1,39;1,37;1,36;1,39;-;1,43;1,63;1,63;1,68;1,66;1,66;1,71;-;1,75
05.04.2021;1,38;1,38;1,40;1,38;1,36;1,39;-;1,43;1,67;1,66;1,68;1,67;1,66;1,72;-;1,76
02.04.2021;1,39;1,39;1,41;1,39;1,37;1,39;-;1,42;1,67;1,67;1,70;1,67;1,66;1,72;-;1,76
01.04.2021;1,42;1,42;1,44;1,38;1,37;1,40;-;1,42;1,69;1,69;1,73;1,67;1,67;1,73;-;1,76
31.03.2021;1,44;1,44;1,45;1,39;1,38;1,40;-;1,41;1,73;1,73;1,75;1,68;1,68;1,73;-;1,75
30.03.2021;1,39;1,40;1,43;1,39;1,38;1,40;-;1,42;1,68;1,68;1,73;1,68;1,67;1,73;-;1,75
29.03.2021;1,32;1,33;1,38;1,39;1,38;1,40;-;1,42;1,60;1,61;1,68;1,68;1,67;1,73;-;1,75
26.03.2021;1,32;1,33;1,38;1,39;1,38;1,40;-;1,42;1,60;1,61;1,68;1,68;1,67;1,74;-;1,75
25.03.2021;1,31;1,31;1,39;1,38;1,38;1,40;-;1,42;1,60;1,60;1,69;1,67;1,68;1,73;-;1,75
24.03.2021;1,38;1,39;1,43;1,39;1,39;1,40;-;1,42;1,66;1,69;1,73;1,68;1,68;1,74;-;1,75
23.03.2021;0,70;1,41;1,44;1,40;1,40;1,40;-;1,42;0,99;1,70;1,73;1,69;1,69;1,74;-;1,75
22.03.2021;0,69;0,69;1,45;1,41;1,40;1,40;-;1,42;0,98;0,98;1,74;1,70;1,70;1,73;-;1,75
19.03.2021;1,24;1,23;1,43;1,40;1,40;1,40;-;1,43;1,53;1,52;1,72;1,70;1,70;1,74;-;1,77
18.03.2021;1,47;1,47;1,50;1,41;1,40;1,40;-;1,42;1,75;1,75;1,79;1,70;1,70;1,74;-;1,75
17.03.2021;1,46;1,46;1,50;1,41;1,40;1,40;-;1,41;1,75;1,75;1,79;1,70;1,70;1,74;-;1,75
16.03.2021;1,40;1,41;1,44;1,40;1,40;1,40;-;1,41;1,68;1,69;1,73;1,70;1,70;1,74;-;1,75
15.03.2021;1,43;1,43;1,45;1,40;1,40;1,40;-;1,41;1,71;1,72;1,74;1,70;1,69;1,74;-;1,75
12.03.2021;1,46;1,46;1,48;1,40;1,40;1,40;-;1,41;1,75;1,75;1,77;1,70;1,70;1,74;-;1,75
11.03.2021;1,49;1,49;1,50;1,40;1,40;1,40;-;1,42;1,77;1,78;1,79;1,70;1,70;1,74;-;1,75
10.03.2021;1,50;1,51;1,51;1,41;1,40;1,40;-;1,42;1,79;1,80;1,81;1,70;1,70;1,74;-;1,75
09.03.2021;1,51;1,51;1,51;1,40;1,40;1,40;-;1,42;1,79;1,80;1,81;1,70;1,70;1,74;-;1,75
08.03.2021;1,52;1,53;1,52;1,41;1,40;1,40;-;1,42;1,81;1,81;1,81;1,70;1,70;1,74;-;1,75
05.03.2021;1,53;1,53;1,52;1,40;1,40;1,40;-;1,42;1,81;1,82;1,82;1,70;1,70;1,74;-;1,76
04.03.2021;1,48;1,48;1,48;1,40;1,39;1,40;-;1,42;1,77;1,77;1,77;1,70;1,69;1,74;-;1,75
03.03.2021;1,50;1,50;1,49;1,39;1,40;1,40;-;1,43;1,78;1,78;1,78;1,68;1,70;1,74;-;1,77
02.03.2021;1,49;1,49;1,49;1,37;1,38;1,38;-;1,43;1,78;1,78;1,78;1,67;1,68;1,71;-;1,77
01.03.2021;1,47;1,48;1,48;1,34;1,31;1,30;-;1,41;1,76;1,76;1,77;1,63;1,61;1,64;-;1,75
26.02.2021;1,44;1,44;1,44;1,30;1,29;1,30;-;1,40;1,73;1,73;1,74;1,60;1,59;1,64;-;1,74
25.02.2021;1,36;1,36;1,35;1,26;1,25;1,30;-;1,39;1,65;1,65;1,64;1,55;1,55;1,63;-;1,73
24.02.2021;1,25;1,25;1,26;1,23;1,25;1,30;-;1,39;1,54;1,55;1,55;1,53;1,55;1,63;-;1,73
23.02.2021;0,70;1,16;1,20;1,16;1,25;1,29;-;1,38;0,99;1,45;1,50;1,45;1,55;1,63;-;1,73
22.02.2021;0,76;0,76;1,13;1,15;1,25;1,29;-;1,38;1,05;1,05;1,42;1,44;1,55;1,63;-;1,73
19.02.2021;1,10;1,10;1,14;1,14;1,25;1,29;-;1,39;1,38;1,38;1,42;1,43;1,55;1,63;-;1,74
18.02.2021;1,01;1,02;1,06;1,11;1,25;1,29;-;1,38;1,29;1,30;1,35;1,40;1,55;1,63;-;1,73
17.02.2021;0,99;0,99;1,01;1,10;1,24;1,29;-;1,38;1,27;1,27;1,30;1,40;1,54;1,63;-;1,73
16.02.2021;0,81;0,82;0,89;1,11;1,25;1,28;-;1,38;1,09;1,10;1,18;1,40;1,55;1,62;-;1,72
15.02.2021;0,84;0,86;0,91;1,11;1,25;1,28;-;1,38;1,13;1,14;1,20;1,40;1,54;1,62;-;1,73
12.02.2021;0,87;0,87;0,92;1,10;1,25;1,30;-;1,39;1,15;1,15;1,21;1,39;1,55;1,63;-;1,74
11.02.2021;0,83;0,84;0,90;1,09;1,24;1,28;-;1,38;1,10;1,12;1,19;1,38;1,54;1,62;-;1,73
10.02.2021;0,83;0,83;0,90;1,09;1,24;1,28;-;1,38;1,11;1,11;1,19;1,38;1,54;1,62;-;1,73
09.02.2021;0,82;0,83;0,89;1,09;1,24;1,28;-;1,38;1,10;1,10;1,18;1,38;1,54;1,62;-;1,73
08.02.2021;0,82;0,82;0,89;1,10;1,24;1,28;-;1,38;1,09;1,10;1,18;1,39;1,54;1,63;-;1,73
05.02.2021;0,83;0,83;0,90;1,09;1,24;1,29;-;1,38;1,10;1,10;1,19;1,39;1,54;1,63;-;1,73
04.02.2021;0,84;0,84;0,90;1,10;1,24;1,29;-;1,38;1,12;1,12;1,19;1,39;1,54;1,63;-;1,73
03.02.2021;0,85;0,86;0,91;1,09;1,23;1,29;-;1,39;1,13;1,14;1,20;1,39;1,53;1,63;-;1,73
02.02.2021;0,85;0,85;0,91;1,09;1,24;1,29;-;1,39;1,13;1,13;1,20;1,38;1,54;1,63;-;1,74
01.02.2021;0,86;0,87;0,92;1,09;1,24;1,30;-;1,40;1,14;1,15;1,21;1,39;1,54;1,64;-;1,75
29.01.2021;0,86;0,86;0,92;1,09;1,24;1,30;-;1,40;1,15;1,15;1,20;1,38;1,54;1,64;-;1,75
28.01.2021;0,85;0,86;0,91;1,09;1,24;1,29;-;1,40;1,13;1,14;1,20;1,38;1,54;1,64;-;1,74
27.01.2021;0,85;0,85;0,93;1,10;1,25;1,30;-;1,40;1,13;1,13;1,21;1,39;1,55;1,65;-;1,75
26.01.2021;0,88;0,89;0,93;1,10;1,26;1,33;-;1,43;1,16;1,17;1,22;1,40;1,56;1,67;-;1,78
25.01.2021;0,87;0,89;0,92;1,11;1,28;1,34;-;1,43;1,15;1,17;1,21;1,40;1,58;1,68;-;1,78
22.01.2021;0,60;0,85;0,88;1,12;1,30;1,35;-;1,43;0,89;1,13;1,17;1,41;1,60;1,71;-;1,78
21.01.2021;0,61;0,62;0,76;1,12;1,29;1,36;-;1,44;0,87;0,88;1,05;1,41;1,59;1,71;-;1,79
20.01.2021;0,60;0,60;0,74;1,12;1,29;1,36;-;1,44;0,86;0,86;1,03;1,41;1,59;1,71;-;1,79
19.01.2021;0,60;0,59;0,74;1,14;1,29;1,36;-;1,44;0,87;0,87;1,03;1,44;1,59;1,71;-;1,79
18.01.2021;0,64;0,64;0,73;1,16;1,30;1,36;-;1,44;0,91;0,92;1,02;1,45;1,59;1,72;-;1,79
15.01.2021;0,83;0,83;0,94;1,32;1,48;1,59;-;1,63;1,12;1,12;1,24;1,61;1,78;1,94;-;1,98
14.01.2021;0,84;0,85;0,93;1,32;1,48;1,59;-;1,63;1,13;1,13;1,22;1,61;1,78;1,94;-;1,99
13.01.2021;0,85;0,85;0,93;1,32;1,48;1,57;-;1,63;1,13;1,14;1,23;1,62;1,78;1,93;-;1,99
12.01.2021;0,85;0,85;0,93;1,32;1,47;1,59;-;1,63;1,14;1,14;1,23;1,62;1,77;1,94;-;1,99
11.01.2021;0,86;0,86;0,94;1,35;1,49;1,60;-;1,64;1,14;1,14;1,24;1,65;1,79;1,95;-;2,00
08.01.2021;0,86;0,87;0,94;1,37;1,49;1,59;-;1,63;1,14;1,15;1,24;1,66;1,79;1,95;-;1,99
07.01.2021;0,87;0,87;0,94;1,40;1,50;1,61;-;1,66;1,15;1,15;1,23;1,70;1,80;1,96;-;2,01
06.01.2021;0,88;0,88;0,96;1,41;1,54;1,63;-;1,69;1,16;1,16;1,26;1,71;1,85;1,99;-;2,05
05.01.2021;0,95;0,95;1,05;1,52;1,61;1,69;-;1,73;1,22;1,22;1,34;1,82;1,91;2,04;-;2,08
04.01.2021;1,29;1,31;1,45;1,69;1,71;1,74;-;1,77;1,57;1,59;1,74;1,98;2,01;2,09;-;2,12
31.12.2020;1,33;1,52;1,64;1,72;1,73;1,76;-;1,79;1,63;1,82;1,94;2,01;2,03;2,10;-;2,13
30.12.2020;1,46;1,57;1,66;1,73;1,73;1,76;-;1,79;1,74;1,86;1,96;2,03;2,03;2,10;-;2,13
29.12.2020;1,59;1,60;1,71;1,74;1,73;1,76;-;1,79;1,87;1,88;2,00;2,04;2,03;2,10;-;2,14
28.12.2020;1,67;1,67;1,73;1,74;1,74;1,76;-;1,79;1,95;1,95;2,03;2,04;2,03;2,10;-;2,14
24.12.2020;1,70;1,70;1,74;1,74;1,74;1,75;-;1,79;1,99;1,99;2,03;2,03;2,04;2,09;-;2,14
23.12.2020;0,98;1,56;1,66;1,71;1,74;1,76;-;1,79;1,27;1,83;1,95;2,00;2,04;2,09;-;2,14
22.12.2020;1,09;1,09;1,55;1,71;1,74;1,76;-;1,79;1,37;1,37;1,85;2,00;2,04;2,10;-;2,14
21.12.2020;0,94;0,94;1,40;1,71;1,75;1,76;-;1,79;1,22;1,22;1,68;2,00;2,05;2,10;-;2,14
18.12.2020;0,92;0,93;1,29;1,71;1,75;1,75;-;1,79;1,20;1,21;1,58;2,00;2,04;2,09;-;2,14
17.12.2020;0,94;0,94;1,22;1,70;1,74;1,75;-;1,79;1,21;1,21;1,50;2,00;2,04;2,09;-;2,14
16.12.2020;0,96;0,96;1,17;1,70;1,74;1,75;-;1,79;1,24;1,24;1,45;2,00;2,04;2,09;-;2,14
15.12.2020;0,96;0,96;1,16;1,70;1,74;1,75;-;1,79;1,24;1,24;1,46;2,00;2,04;2,09;-;2,14
14.12.2020;1,10;1,10;1,24;1,70;1,74;1,75;-;1,79;1,38;1,38;1,53;2,00;2,04;2,10;-;2,14
11.12.2020;1,42;1,42;1,46;1,71;1,74;1,76;-;1,79;1,70;1,70;1,75;2,00;2,04;2,10;-;2,14
10.12.2020;1,49;1,49;1,56;1,71;1,74;1,76;-;1,79;1,78;1,78;1,85;2,00;2,04;2,11;-;2,14
09.12.2020;1,54;1,55;1,63;1,72;1,74;1,76;-;1,79;1,83;1,84;1,91;2,01;2,04;2,11;-;2,14
08.12.2020;1,59;1,60;1,66;1,72;1,75;1,76;-;1,79;1,89;1,90;1,95;2,01;2,05;2,11;-;2,14
07.12.2020;1,62;1,62;1,67;1,71;1,75;1,76;-;1,79;1,90;1,90;1,96;2,01;2,05;2,11;-;2,14
04.12.2020;1,59;1,59;1,65;1,71;1,75;1,75;-;1,79;1,88;1,88;1,94;2,01;2,05;2,10;-;2,14
03.12.2020;1,53;1,53;1,60;1,70;1,74;1,75;-;1,78;1,81;1,82;1,89;2,00;2,04;2,10;-;2,13
02.12.2020;1,49;1,50;1,59;1,70;1,74;1,75;-;1,79;1,78;1,78;1,89;2,00;2,04;2,10;-;2,13
27.11.2020;1,55;1,56;1,64;1,71;1,75;1,75;-;1,79;1,83;1,84;1,93;2,00;2,04;2,10;-;2,13
26.11.2020;1,59;1,59;1,67;1,71;1,75;1,76;-;1,79;1,87;1,88;1,95;2,00;2,04;2,11;-;2,14
25.11.2020;1,59;1,59;1,66;1,71;1,74;1,76;-;1,79;1,87;1,87;1,95;2,00;2,04;2,10;-;2,14
24.11.2020;1,60;1,61;1,68;1,72;1,75;1,76;-;1,79;1,88;1,89;1,97;2,01;2,05;2,11;-;2,14
23.11.2020;0,82;1,62;1,69;1,72;1,75;1,76;-;1,79;1,10;1,91;1,98;2,01;2,05;2,11;-;2,14
20.11.2020;0,87;0,87;1,56;1,72;1,74;1,76;-;1,79;1,15;1,15;1,86;2,01;2,04;2,10;-;2,13
19.11.2020;0,87;0,87;1,40;1,72;1,74;1,75;-;1,79;1,15;1,15;1,69;2,01;2,04;2,10;-;2,14
18.11.2020;0,88;0,89;1,15;1,73;1,74;1,76;-;1,79;1,16;1,17;1,44;2,02;2,04;2,11;-;2,14
17.11.2020;0,93;0,94;1,13;1,73;1,74;1,76;-;1,79;1,21;1,22;1,42;2,02;2,04;2,11;-;2,14
16.11.2020;1,02;1,02;1,22;1,75;1,74;1,76;-;1,79;1,30;1,30;1,52;2,03;2,04;2,11;-;2,14
13.11.2020;1,37;1,36;1,43;1,75;1,76;1,77;-;1,79;1,65;1,65;1,71;2,03;2,05;2,12;-;2,14
12.11.2020;1,48;1,51;1,59;1,75;1,77;1,77;-;1,79;1,77;1,79;1,88;2,04;2,07;2,12;-;2,14
11.11.2020;1,51;1,53;1,60;1,75;1,77;1,77;-;1,79;1,80;1,82;1,89;2,03;2,07;2,12;-;2,14
10.11.2020;1,55;1,55;1,62;1,75;1,78;1,78;-;1,79;1,83;1,83;1,92;2,04;2,07;2,12;-;2,14
09.11.2020;1,59;1,60;1,67;1,76;1,79;1,80;-;1,81;1,88;1,88;1,96;2,05;2,10;2,15;-;2,16
06.11.2020;1,62;1,63;1,69;1,78;1,81;1,81;-;1,81;1,91;1,92;1,98;2,07;2,11;2,16;-;2,16
05.11.2020;1,63;1,64;1,70;1,79;1,81;1,81;-;1,81;1,92;1,93;1,99;2,08;2,11;2,16;-;2,16
04.11.2020;1,63;1,64;1,69;1,80;1,80;1,81;-;1,80;1,92;1,93;1,98;2,09;2,11;2,16;-;2,15
03.11.2020;1,68;1,68;1,73;1,81;1,82;1,81;-;1,81;1,96;1,97;2,02;2,10;2,12;2,16;-;2,16
02.11.2020;1,76;1,77;1,81;1,82;1,84;1,82;-;1,81;2,05;2,05;2,10;2,10;2,15;2,17;-;2,16
30.10.2020;1,77;1,77;1,81;1,83;1,85;1,81;-;1,81;2,05;2,05;2,10;2,11;2,15;2,17;-;2,16
29.10.2020;1,76;1,76;1,81;1,83;1,85;1,81;-;1,81;2,04;2,04;2,10;2,11;2,15;2,16;-;2,16
28.10.2020;1,78;1,78;1,82;1,82;1,85;1,82;-;1,82;2,06;2,06;2,11;2,11;2,16;2,18;-;2,17
27.10.2020;1,78;1,79;1,83;1,84;1,86;1,83;-;1,83;2,06;2,07;2,11;2,13;2,16;2,18;-;2,18
26.10.2020;1,79;1,80;1,84;1,84;1,85;1,83;-;1,83;2,07;2,08;2,13;2,13;2,16;2,18;-;2,18
23.10.2020;1,77;1,81;1,85;1,85;1,86;1,83;-;1,82;2,06;2,09;2,14;2,14;2,16;2,18;-;2,18
22.10.2020;1,54;1,69;1,84;1,84;1,86;1,83;-;1,82;1,82;1,98;2,13;2,13;2,16;2,18;-;2,17
21.10.2020;1,70;1,71;1,81;1,84;1,86;1,83;-;1,82;1,99;1,99;2,10;2,13;2,16;2,18;-;2,17
20.10.2020;1,75;1,76;1,83;1,83;1,84;1,81;-;1,81;2,03;2,04;2,11;2,11;2,15;2,15;-;2,15
19.10.2020;1,75;1,75;1,81;1,81;1,80;1,78;-;1,79;2,03;2,03;2,09;2,10;2,10;2,12;-;2,13
16.10.2020;1,76;1,76;1,81;1,82;1,80;1,78;-;1,79;2,04;2,04;2,09;2,10;2,10;2,12;-;2,13
15.10.2020;1,79;1,79;1,81;1,82;1,80;1,78;-;1,79;2,06;2,06;2,09;2,10;2,10;2,12;-;2,13
14.10.2020;1,79;1,79;1,81;1,82;1,80;1,78;-;1,79;2,06;2,06;2,09;2,10;2,10;2,12;-;2,13
13.10.2020;1,79;1,79;1,81;1,82;1,80;1,78;-;1,79;2,07;2,07;2,09;2,10;2,10;2,12;-;2,13
12.10.2020;1,80;1,80;1,80;1,82;1,80;1,78;-;1,79;2,08;2,08;2,08;2,10;2,10;2,12;-;2,14
09.10.2020;1,81;1,81;1,81;1,82;1,80;1,77;-;1,79;2,08;2,08;2,09;2,10;2,10;2,11;-;2,13
08.10.2020;1,79;1,79;1,81;1,82;1,80;1,78;-;1,79;2,06;2,06;2,09;2,10;2,10;2,12;-;2,13
07.10.2020;1,80;1,80;1,81;1,81;1,80;1,78;-;1,78;2,08;2,08;2,09;2,10;2,10;2,11;-;2,12
06.10.2020;1,81;1,81;1,81;1,81;1,80;1,77;-;1,79;2,09;2,09;2,10;2,10;2,10;2,11;-;2,13
05.10.2020;1,81;1,81;1,81;1,82;1,80;1,77;-;1,79;2,10;2,10;2,11;2,11;2,10;2,12;-;2,14
02.10.2020;1,83;1,83;1,83;1,81;1,80;1,77;-;1,79;2,11;2,11;2,13;2,10;2,10;2,11;-;2,13
01.10.2020;1,87;1,87;1,86;1,81;1,80;1,76;-;1,79;2,14;2,14;2,15;2,10;2,10;2,10;-;2,13
30.09.2020;1,87;1,87;1,86;1,80;1,80;1,76;-;1,79;2,14;2,14;2,15;2,10;2,11;2,11;-;2,13
29.09.2020;1,87;1,87;1,85;1,80;1,79;1,76;-;1,79;2,14;2,15;2,14;2,09;2,09;2,10;-;2,13
28.09.2020;1,88;1,88;1,86;1,78;1,76;1,71;-;1,75;2,17;2,16;2,15;2,06;2,07;2,07;-;2,11
25.09.2020;1,78;1,78;1,78;1,76;1,74;1,70;-;1,75;2,07;2,07;2,07;2,05;2,04;2,06;-;2,10
24.09.2020;1,77;1,78;1,78;1,74;1,72;1,70;-;1,74;2,05;2,06;2,07;2,03;2,02;2,05;-;2,10
23.09.2020;0,93;1,70;1,71;1,71;1,70;1,70;-;1,74;1,22;1,99;2,00;2,00;2,00;2,05;-;2,10
22.09.2020;1,04;1,04;1,66;1,70;1,68;1,69;-;1,74;1,33;1,33;1,94;1,98;1,98;2,04;-;2,10
21.09.2020;1,18;1,18;1,55;1,67;1,67;1,69;-;1,74;1,47;1,47;1,84;1,95;1,96;2,03;-;2,08
18.09.2020;1,29;1,29;1,55;1,66;1,66;1,69;-;1,74;1,57;1,57;1,83;1,95;1,96;2,03;-;2,09
17.09.2020;1,36;1,36;1,52;1,67;1,66;1,69;-;1,74;1,64;1,65;1,81;1,96;1,96;2,03;-;2,09
16.09.2020;1,41;1,41;1,50;1,67;1,67;1,69;-;1,74;1,70;1,70;1,78;1,95;1,96;2,03;-;2,09
15.09.2020;1,48;1,48;1,54;1,68;1,67;1,69;-;1,74;1,76;1,76;1,83;1,97;1,97;2,03;-;2,09
14.09.2020;1,53;1,53;1,59;1,69;1,68;1,71;-;1,75;1,81;1,81;1,87;1,99;1,98;2,05;-;2,10
11.09.2020;1,63;1,63;1,66;1,70;1,69;1,72;-;1,76;1,92;1,92;1,95;2,00;1,99;2,06;-;2,10
10.09.2020;1,66;1,66;1,70;1,70;1,69;1,72;-;1,76;1,95;1,96;1,99;2,00;1,99;2,07;-;2,11
09.09.2020;1,65;1,65;1,69;1,70;1,69;1,72;-;1,76;1,94;1,94;1,98;1,99;1,99;2,07;-;2,11
08.09.2020;1,57;1,58;1,63;1,70;1,69;1,73;-;1,76;1,86;1,86;1,91;1,99;1,99;2,08;-;2,11
07.09.2020;1,57;1,57;1,61;1,69;1,69;1,73;-;1,77;1,86;1,86;1,90;1,98;1,99;2,08;-;2,12
04.09.2020;1,58;1,58;1,62;1,70;1,69;1,73;-;1,78;1,86;1,86;1,91;1,99;1,99;2,08;-;2,12
03.09.2020;1,62;1,62;1,64;1,71;1,70;1,74;-;1,78;1,91;1,91;1,93;2,00;1,99;2,08;-;2,12
02.09.2020;1,71;1,71;1,72;1,71;1,70;1,74;-;1,78;2,00;2,00;2,01;2,00;2,00;2,09;-;2,12
01.09.2020;1,72;1,72;1,73;1,71;1,70;1,74;-;1,78;2,00;2,00;2,02;2,00;2,00;2,09;-;2,12
31.08.2020;1,74;1,74;1,74;1,71;1,70;1,74;-;1,78;2,02;2,02;2,03;2,00;2,00;2,09;-;2,12
28.08.2020;1,74;1,74;1,74;1,71;1,70;1,74;-;1,79;2,02;2,02;2,02;2,00;2,00;2,09;-;2,13
27.08.2020;1,74;1,74;1,74;1,71;1,70;1,74;-;1,78;2,02;2,03;2,03;2,00;2,00;2,09;-;2,13
26.08.2020;1,74;1,75;1,76;1,71;1,70;1,74;-;1,79;2,03;2,04;2,05;2,00;2,00;2,09;-;2,13
25.08.2020;1,76;1,76;1,76;1,71;1,70;1,74;-;1,79;2,05;2,05;2,05;2,00;2,00;2,09;-;2,13
24.08.2020;1,73;1,74;1,75;1,71;1,69;1,73;-;1,78;2,02;2,03;2,04;2,00;1,99;2,08;-;2,13
21.08.2020;0,98;1,70;1,73;1,70;1,69;1,71;-;1,79;1,26;1,99;2,01;1,99;1,99;2,06;-;2,13
20.08.2020;1,01;1,01;1,67;1,70;1,69;1,71;-;1,77;1,30;1,30;1,95;1,99;1,98;2,05;-;2,13
19.08.2020;1,10;1,10;1,60;1,70;1,69;1,72;-;1,80;1,38;1,38;1,89;1,99;1,99;2,06;-;2,15
18.08.2020;1,30;1,30;1,61;1,70;1,69;1,72;-;1,80;1,59;1,59;1,90;1,99;1,99;2,07;-;2,15
17.08.2020;1,56;1,57;1,64;1,70;1,69;1,72;-;1,81;1,86;1,87;1,94;2,00;1,99;2,07;-;2,16
14.08.2020;1,69;1,70;1,70;1,71;1,69;1,73;-;1,81;1,98;1,98;1,99;2,00;1,99;2,07;-;2,16
13.08.2020;1,71;1,71;1,71;1,71;1,70;1,74;-;1,82;2,00;2,00;2,00;2,00;2,00;2,08;-;2,17
12.08.2020;1,72;1,72;1,71;1,73;1,70;1,74;-;1,82;2,00;2,00;2,00;2,02;2,00;2,09;-;2,17
11.08.2020;1,72;1,72;1,72;1,75;1,74;1,75;-;1,83;2,00;2,00;2,00;2,03;2,04;2,10;-;2,18
10.08.2020;1,72;1,72;1,72;1,75;1,74;1,77;-;1,83;2,00;2,00;2,00;2,03;2,04;2,12;-;2,18
07.08.2020;1,71;1,73;1,73;1,75;1,75;1,79;-;1,83;1,99;2,00;2,01;2,03;2,04;2,13;-;2,19
06.08.2020;1,72;1,73;1,74;1,75;1,75;1,78;-;1,84;1,99;2,01;2,01;2,03;2,05;2,13;-;2,19
05.08.2020;1,97;1,97;1,98;1,93;1,86;1,90;-;2,00;2,24;2,24;2,25;2,22;2,15;2,24;-;2,34
04.08.2020;1,98;1,98;1,99;1,93;1,86;1,90;-;2,00;2,25;2,25;2,25;2,23;2,15;2,24;-;2,34
03.08.2020;1,98;1,98;1,99;1,93;1,86;1,90;-;2,00;2,26;2,26;2,26;2,23;2,15;2,24;-;2,34
31.07.2020;1,97;1,97;1,99;1,94;1,86;1,90;-;2,00;2,25;2,26;2,26;2,23;2,15;2,24;-;2,34
30.07.2020;1,98;1,98;1,99;1,95;1,86;1,90;-;2,00;2,27;2,27;2,28;2,23;2,15;2,24;-;2,34
29.07.2020;2,01;2,01;2,00;1,95;1,87;1,90;-;2,00;2,29;2,29;2,28;2,23;2,17;2,24;-;2,34
28.07.2020;2,01;2,01;2,01;1,94;1,86;1,90;-;2,00;2,29;2,29;2,28;2,23;2,16;2,24;-;2,34
27.07.2020;2,01;2,01;2,01;1,94;1,85;1,90;-;2,00;2,29;2,29;2,28;2,23;2,15;2,24;-;2,34
24.07.2020;1,99;2,00;2,00;1,94;1,85;1,90;-;2,00;2,27;2,28;2,28;2,22;2,15;2,24;-;2,34
23.07.2020;1,62;1,99;2,00;1,94;1,85;1,90;-;2,00;1,90;2,26;2,27;2,22;2,15;2,24;-;2,34
22.07.2020;1,79;1,80;1,99;1,94;1,85;1,90;-;2,00;2,07;2,08;2,26;2,22;2,15;2,24;-;2,34
21.07.2020;1,97;1,96;1,98;1,94;1,85;1,90;-;2,00;2,24;2,24;2,26;2,23;2,15;2,24;-;2,34
20.07.2020;1,97;1,98;1,98;1,93;1,85;1,90;-;2,00;2,25;2,26;2,25;2,22;2,15;2,24;-;2,34
17.07.2020;1,95;1,95;1,98;1,92;1,84;1,90;-;2,00;2,23;2,23;2,24;2,20;2,15;2,24;-;2,35
16.07.2020;1,88;1,88;1,90;1,89;1,84;1,89;-;1,99;2,15;2,15;2,18;2,18;2,15;2,23;-;2,35
15.07.2020;1,79;1,79;1,81;1,88;1,85;1,89;-;2,00;2,06;2,06;2,09;2,17;2,15;2,23;-;2,35
14.07.2020;1,78;1,78;1,81;1,87;1,84;1,89;-;1,99;2,05;2,05;2,08;2,16;2,15;2,23;-;2,35
13.07.2020;1,77;1,77;1,82;1,87;1,84;1,89;-;1,99;2,05;2,05;2,09;2,16;2,15;2,23;-;2,35
10.07.2020;1,78;1,78;1,83;1,87;1,85;1,89;-;2,00;2,05;2,05;2,10;2,16;2,15;2,23;-;2,35
09.07.2020;1,78;1,78;1,83;1,86;1,85;1,89;-;2,00;2,05;2,05;2,10;2,15;2,15;2,23;-;2,35
08.07.2020;1,77;1,77;1,83;1,86;1,85;1,89;-;2,00;2,05;2,05;2,10;2,15;2,15;2,23;-;2,35
07.07.2020;1,68;1,68;1,72;1,86;1,85;1,89;-;2,00;1,96;1,96;2,00;2,15;2,15;2,23;-;2,35
06.07.2020;1,91;1,91;1,94;1,91;1,89;1,90;-;2,00;2,19;2,19;2,22;2,20;2,19;2,24;-;2,35
03.07.2020;1,94;1,94;1,95;1,91;1,89;1,90;-;2,00;2,23;2,23;2,24;2,20;2,19;2,24;-;2,35
02.07.2020;1,95;1,94;1,96;1,91;1,89;1,90;-;2,00;2,24;2,24;2,24;2,20;2,20;2,24;-;2,35
01.07.2020;1,97;1,97;1,98;1,91;1,89;1,90;-;2,00;2,27;2,27;2,26;2,20;2,20;2,24;-;2,35
30.06.2020;2,00;1,99;1,98;1,91;1,90;1,91;-;2,00;2,29;2,28;2,27;2,20;2,20;2,25;-;2,35
29.06.2020;1,94;1,94;1,96;1,91;1,90;1,91;-;2,01;2,23;2,23;2,24;2,20;2,20;2,25;-;2,35
26.06.2020;1,94;1,94;1,96;1,91;1,89;1,91;-;2,00;2,23;2,23;2,24;2,20;2,20;2,25;-;2,35
25.06.2020;1,94;1,95;1,97;1,91;1,89;1,91;-;2,00;2,24;2,24;2,25;2,20;2,20;2,25;-;2,35
24.06.2020;1,94;1,98;1,98;1,91;1,89;1,91;-;2,00;2,22;2,26;2,27;2,20;2,20;2,25;-;2,35
23.06.2020;1,24;1,96;1,99;1,91;1,90;1,91;-;2,00;1,53;2,25;2,27;2,20;2,20;2,25;-;2,35
22.06.2020;1,27;1,27;1,98;1,91;1,89;1,91;-;2,00;1,56;1,56;2,27;2,20;2,19;2,25;-;2,35
19.06.2020;1,96;1,97;1,99;1,90;1,87;1,91;-;2,00;2,25;2,25;2,27;2,18;2,18;2,24;-;2,35
18.06.2020;1,95;1,96;1,96;1,88;1,86;1,90;-;2,00;2,24;2,24;2,24;2,16;2,15;2,24;-;2,35
17.06.2020;1,41;1,41;1,58;1,85;1,85;1,90;-;2,00;1,69;1,69;1,86;2,14;2,15;2,24;-;2,35
16.06.2020;1,39;1,41;1,54;1,85;1,85;1,91;-;2,00;1,68;1,69;1,82;2,14;2,15;2,25;-;2,35
15.06.2020;1,48;1,49;1,59;1,85;1,85;1,92;-;2,00;1,76;1,77;1,86;2,14;2,15;2,26;-;2,35
12.06.2020;1,51;1,52;1,62;1,88;1,87;1,95;-;2,03;1,79;1,80;1,89;2,16;2,17;2,28;-;2,37
11.06.2020;1,61;1,61;1,71;1,91;1,91;1,98;-;2,04;1,90;1,89;1,98;2,20;2,20;2,31;-;2,39
10.06.2020;1,72;1,73;1,81;1,94;1,93;2,00;-;2,05;2,01;2,01;2,09;2,23;2,23;2,33;-;2,39
09.06.2020;1,81;1,82;1,89;1,96;1,95;2,00;-;2,06;2,11;2,11;2,17;2,25;2,25;2,33;-;2,40
05.06.2020;1,84;1,85;1,91;1,96;1,95;2,00;-;2,06;2,13;2,14;2,19;2,25;2,25;2,33;-;2,42
04.06.2020;1,86;1,86;1,92;1,96;1,95;2,00;-;2,08;2,14;2,15;2,21;2,25;2,25;2,34;-;2,42
03.06.2020;1,85;1,86;1,92;1,98;1,97;2,03;-;2,08;2,14;2,14;2,20;2,26;2,27;2,37;-;2,42
02.06.2020;1,86;1,87;1,92;2,00;1,99;2,05;-;2,11;2,15;2,15;2,21;2,28;2,29;2,39;-;2,46
29.05.2020;2,09;2,08;2,15;2,12;2,10;2,16;-;2,23;2,38;2,36;2,43;2,40;2,40;2,49;-;2,57
28.05.2020;2,10;2,12;2,18;2,13;2,10;2,16;-;2,23;2,39;2,41;2,47;2,42;2,40;2,49;-;2,58
27.05.2020;2,21;2,22;2,25;2,16;2,11;2,17;-;2,23;2,49;2,51;2,53;2,45;2,41;2,51;-;2,58
26.05.2020;2,24;2,24;2,26;2,17;2,12;2,18;-;2,24;2,53;2,53;2,55;2,46;2,42;2,52;-;2,59
25.05.2020;2,27;2,26;2,26;2,17;2,14;2,19;-;2,24;2,55;2,54;2,54;2,46;2,44;2,53;-;2,59
22.05.2020;1,80;2,15;2,16;2,15;2,12;2,19;-;2,24;2,08;2,43;2,44;2,44;2,43;2,53;-;2,59
21.05.2020;1,62;1,68;2,13;2,15;2,13;2,19;-;2,24;1,89;1,96;2,41;2,44;2,43;2,53;-;2,59
20.05.2020;1,61;1,62;2,07;2,14;2,13;2,19;-;2,24;1,90;1,90;2,36;2,43;2,43;2,53;-;2,59
19.05.2020;1,62;1,62;1,99;2,15;2,14;2,20;-;2,25;1,90;1,91;2,28;2,43;2,44;2,54;-;2,60
18.05.2020;1,65;1,64;1,96;2,16;2,14;2,20;-;2,25;1,93;1,93;2,24;2,45;2,44;2,54;-;2,60
15.05.2020;1,69;1,72;1,96;2,16;2,14;2,20;-;2,25;1,97;2,01;2,24;2,44;2,44;2,54;-;2,60
14.05.2020;1,87;1,86;2,00;2,16;2,15;2,20;-;2,25;2,15;2,14;2,29;2,44;2,45;2,54;-;2,60
13.05.2020;1,91;1,91;2,02;2,17;2,15;2,20;-;2,25;2,20;2,20;2,31;2,45;2,45;2,54;-;2,60
12.05.2020;1,95;1,95;2,05;2,17;2,15;2,20;-;2,25;2,24;2,24;2,34;2,45;2,46;2,54;-;2,60
11.05.2020;2,01;2,03;2,09;2,17;2,16;2,20;-;2,25;2,29;2,30;2,38;2,45;2,46;2,54;-;2,60
08.05.2020;2,01;2,04;2,13;2,20;2,17;2,20;-;2,26;2,29;2,32;2,41;2,48;2,47;2,54;-;2,61
07.05.2020;2,03;2,05;2,14;2,21;2,19;2,21;-;2,27;2,32;2,34;2,43;2,49;2,49;2,55;-;2,62
06.05.2020;2,21;2,19;2,21;2,22;2,19;2,21;-;2,27;2,49;2,49;2,50;2,50;2,49;2,55;-;2,61
05.05.2020;2,26;2,26;2,25;2,22;2,20;2,21;-;2,27;2,54;2,55;2,54;2,50;2,50;2,56;-;2,62
04.05.2020;2,29;2,29;2,27;2,22;2,20;2,21;-;2,27;2,57;2,57;2,56;2,50;2,50;2,56;-;2,62
30.04.2020;2,29;2,29;2,28;2,22;2,20;2,22;-;2,28;2,58;2,58;2,57;2,51;2,50;2,57;-;2,63
29.04.2020;2,30;2,30;2,28;2,22;2,20;2,23;-;2,28;2,59;2,59;2,57;2,51;2,50;2,57;-;2,63
28.04.2020;2,33;2,33;2,30;2,22;2,20;2,23;-;2,28;2,61;2,62;2,59;2,51;2,50;2,57;-;2,63
27.04.2020;2,33;2,33;2,32;2,22;2,20;2,24;-;2,29;2,62;2,62;2,61;2,51;2,50;2,58;-;2,63
24.04.2020;2,32;2,32;2,31;2,22;2,20;2,24;-;2,29;2,61;2,61;2,60;2,51;2,50;2,58;-;2,63
23.04.2020;1,44;2,27;2,29;2,22;2,20;2,24;-;2,29;1,72;2,56;2,58;2,51;2,50;2,58;-;2,63
22.04.2020;1,47;1,47;2,28;2,22;2,20;2,24;-;2,28;1,76;1,77;2,56;2,51;2,50;2,58;-;2,62
21.04.2020;2,23;2,23;2,28;2,22;2,20;2,24;-;2,29;2,51;2,51;2,56;2,51;2,50;2,59;-;2,63
16.04.2020;2,30;2,29;2,28;2,22;2,20;2,24;-;2,29;2,56;2,56;2,56;2,51;2,50;2,59;-;2,63
15.04.2020;2,30;2,30;2,29;2,23;2,21;2,25;-;2,29;2,57;2,57;2,56;2,52;2,51;2,59;-;2,63
14.04.2020;2,30;2,30;2,29;2,24;2,21;2,25;-;2,29;2,57;2,57;2,55;2,53;2,51;2,59;-;2,64
13.04.2020;2,31;2,31;2,30;2,25;2,22;2,25;-;2,29;2,58;2,58;2,57;2,54;2,52;2,59;-;2,64
10.04.2020;2,30;2,30;2,30;2,25;2,22;2,26;-;2,30;2,58;2,58;2,58;2,54;2,53;2,60;-;2,65
09.04.2020;2,31;2,31;2,31;2,26;2,24;2,26;-;2,30;2,59;2,59;2,59;2,55;2,54;2,61;-;2,65
08.04.2020;2,32;2,32;2,31;2,26;2,24;2,26;-;2,30;2,59;2,59;2,59;2,54;2,55;2,61;-;2,65
07.04.2020;2,32;2,32;2,33;2,28;2,24;2,27;-;2,31;2,60;2,60;2,61;2,55;2,55;2,62;-;2,66
06.04.2020;2,36;2,36;2,36;2,30;2,24;2,27;-;2,31;2,63;2,63;2,64;2,58;2,55;2,62;-;2,66
03.04.2020;2,38;2,38;2,38;2,30;2,25;2,28;-;2,31;2,65;2,65;2,65;2,59;2,55;2,63;-;2,66
02.04.2020;2,38;2,38;2,38;2,35;2,26;2,29;-;2,31;2,65;2,65;2,66;2,63;2,57;2,64;-;2,67
01.04.2020;2,33;2,33;2,33;2,28;2,25;2,27;-;2,30;2,60;2,60;2,60;2,57;2,55;2,62;-;2,66
31.03.2020;2,33;2,33;2,33;2,28;2,25;2,28;-;2,32;2,60;2,61;2,61;2,56;2,55;2,63;-;2,68
30.03.2020;2,36;2,36;2,35;2,29;2,25;2,28;-;2,32;2,64;2,64;2,63;2,57;2,55;2,63;-;2,67
27.03.2020;2,38;2,38;2,36;2,28;2,26;2,30;-;2,33;2,65;2,65;2,64;2,56;2,57;2,65;-;2,69
26.03.2020;2,40;2,40;2,36;2,31;2,28;2,32;-;2,35;2,67;2,67;2,63;2,59;2,58;2,67;-;2,72
25.03.2020;2,38;2,38;2,36;2,31;2,28;2,32;-;2,38;2,65;2,65;2,64;2,59;2,60;2,67;-;2,73
24.03.2020;2,27;2,27;2,29;2,29;2,30;2,34;-;2,38;2,55;2,55;2,57;2,56;2,62;2,69;-;2,73
23.03.2020;1,42;2,25;2,26;2,26;2,29;2,34;-;2,37;1,70;2,54;2,55;2,55;2,61;2,70;-;2,74
20.03.2020;1,54;1,54;2,84;2,92;2,91;2,94;-;3,00;1,83;1,84;3,13;3,21;3,24;3,31;-;3,37
19.03.2020;2,35;2,38;2,73;2,89;2,92;2,93;-;2,98;2,64;2,67;3,02;3,18;3,24;3,30;-;3,36
18.03.2020;2,41;2,42;2,67;2,84;2,88;2,91;-;2,97;2,70;2,71;2,97;3,13;3,20;3,27;-;3,35
17.03.2020;2,46;2,46;2,62;2,80;2,83;2,88;-;2,95;2,75;2,75;2,90;3,09;3,15;3,24;-;3,31
16.03.2020;2,43;2,43;2,48;2,62;2,72;2,78;-;2,86;2,72;2,73;2,77;2,91;3,04;3,14;-;3,23
13.03.2020;2,48;2,49;2,49;2,57;2,66;2,73;-;2,82;2,77;2,77;2,78;2,86;2,97;3,10;-;3,18
12.03.2020;2,24;2,24;2,32;2,43;2,55;2,65;-;2,75;2,53;2,53;2,61;2,71;2,86;3,00;-;3,11
11.03.2020;2,23;2,23;2,31;2,41;2,52;2,64;-;2,74;2,52;2,52;2,59;2,70;2,83;3,00;-;3,10
10.03.2020;2,27;2,27;2,32;2,41;2,53;2,64;-;2,74;2,55;2,55;2,60;2,69;2,84;3,00;-;3,10
09.03.2020;2,25;2,25;2,30;2,41;2,53;2,64;-;2,74;2,53;2,53;2,58;2,70;2,85;3,00;-;3,10
06.03.2020;2,23;2,23;2,30;2,39;2,52;2,65;-;2,75;2,51;2,51;2,57;2,69;2,83;3,00;-;3,11
05.03.2020;2,23;2,23;2,30;2,41;2,55;2,66;-;2,76;2,51;2,52;2,58;2,71;2,87;3,01;-;3,12
04.03.2020;2,25;2,26;2,33;2,43;2,58;2,68;-;2,78;2,53;2,54;2,61;2,72;2,89;3,04;-;3,14
03.03.2020;2,32;2,32;2,37;2,45;2,63;2,69;-;2,79;2,60;2,61;2,65;2,74;2,94;3,05;-;3,15
02.03.2020;2,34;2,35;2,39;2,46;2,63;2,70;-;2,81;2,62;2,63;2,67;2,74;2,94;3,06;-;3,17
28.02.2020;2,32;2,35;2,39;2,45;2,62;2,70;-;2,80;2,60;2,63;2,67;2,74;2,93;3,06;-;3,16
27.02.2020;2,34;2,34;2,40;2,46;2,63;2,71;-;2,81;2,62;2,63;2,68;2,74;2,94;3,06;-;3,17
26.02.2020;2,37;2,37;2,42;2,47;2,63;2,71;-;2,80;2,65;2,65;2,70;2,76;2,95;3,08;-;3,17
25.02.2020;2,43;2,43;2,44;2,48;2,64;2,73;-;2,82;2,71;2,72;2,72;2,78;2,96;3,10;-;3,18
24.02.2020;2,44;2,44;2,44;2,49;2,66;2,74;-;2,82;2,72;2,73;2,73;2,78;2,98;3,10;-;3,18
21.02.2020;1,43;2,39;2,42;2,51;2,66;2,75;-;2,83;1,71;2,68;2,72;2,80;2,99;3,11;-;3,19
20.02.2020;1,42;1,42;2,33;2,51;2,70;2,79;-;2,87;1,71;1,71;2,62;2,79;3,03;3,15;-;3,22
19.02.2020;1,44;1,45;1,98;2,50;2,72;2,81;-;2,87;1,73;1,73;2,28;2,79;3,04;3,16;-;3,23
18.02.2020;1,59;1,59;2,00;2,56;2,77;2,83;-;2,89;1,88;1,87;2,29;2,85;3,09;3,19;-;3,25
17.02.2020;2,31;2,29;2,35;2,62;2,79;2,85;-;2,90;2,59;2,58;2,64;2,91;3,12;3,21;-;3,26
14.02.2020;2,44;2,45;2,50;2,70;2,83;2,86;-;2,92;2,73;2,74;2,79;2,99;3,15;3,23;-;3,28
13.02.2020;2,49;2,49;2,54;2,71;2,83;2,86;-;2,93;2,77;2,78;2,83;3,00;3,15;3,22;-;3,28
12.02.2020;2,53;2,53;2,56;2,72;2,84;2,88;-;2,93;2,81;2,81;2,85;3,01;3,16;3,23;-;3,28
11.02.2020;2,54;2,54;2,60;2,73;2,85;2,87;-;2,92;2,82;2,83;2,88;3,02;3,17;3,24;-;3,29
10.02.2020;2,58;2,59;2,61;2,74;2,85;2,89;-;2,93;2,87;2,88;2,89;3,03;3,17;3,24;-;3,29
07.02.2020;2,59;2,60;2,61;2,74;2,85;2,89;-;2,94;2,88;2,89;2,90;3,03;3,16;3,24;-;3,30
06.02.2020;2,52;2,52;2,56;2,74;2,86;2,89;-;2,94;2,80;2,81;2,85;3,03;3,18;3,25;-;3,29
05.02.2020;2,46;2,46;2,51;2,70;2,84;2,89;-;2,94;2,75;2,75;2,80;2,99;3,16;3,24;-;3,29
04.02.2020;2,41;2,41;2,45;2,69;2,84;2,88;-;2,94;2,69;2,69;2,74;2,98;3,15;3,24;-;3,29
03.02.2020;2,42;2,42;2,46;2,69;2,85;2,89;-;2,94;2,70;2,71;2,74;2,98;3,17;3,25;-;3,30
31.01.2020;2,43;2,43;2,47;2,69;2,85;2,88;-;2,94;2,71;2,72;2,75;2,98;3,17;3,24;-;3,31
30.01.2020;2,42;2,43;2,46;2,69;2,86;2,89;-;2,95;2,70;2,71;2,75;2,97;3,18;3,25;-;3,31
29.01.2020;2,53;2,53;2,57;2,70;2,86;2,89;-;2,94;2,81;2,82;2,86;2,99;3,18;3,25;-;3,31
28.01.2020;2,61;2,61;2,63;2,70;2,85;2,89;-;2,94;2,89;2,90;2,92;3,00;3,18;3,25;-;3,30
27.01.2020;2,70;2,69;2,65;2,72;2,85;2,91;-;2,96;2,99;2,98;2,94;3,00;3,16;3,26;-;3,32
23.01.2020;2,44;2,53;2,64;2,71;2,84;2,91;-;2,95;2,72;2,82;2,92;3,00;3,16;3,26;-;3,31
22.01.2020;1,46;2,40;2,50;2,69;2,84;2,90;-;2,95;1,74;2,69;2,79;2,98;3,16;3,26;-;3,31
21.01.2020;1,44;1,46;2,41;2,70;2,84;2,91;-;2,96;1,72;1,75;2,70;2,99;3,16;3,26;-;3,31
20.01.2020;1,49;1,49;2,38;2,69;2,84;2,90;-;2,95;1,79;1,79;2,66;2,98;3,16;3,25;-;3,31
17.01.2020;1,44;1,47;2,35;2,69;2,85;2,90;-;2,95;1,72;1,76;2,64;2,98;3,16;3,25;-;3,30
16.01.2020;1,65;1,64;2,34;2,71;2,86;2,90;-;2,95;1,93;1,93;2,63;3,00;3,17;3,25;-;3,30
15.01.2020;2,28;2,28;2,41;2,72;2,86;2,90;-;2,96;2,57;2,58;2,70;3,01;3,18;3,26;-;3,31
14.01.2020;2,32;2,33;2,42;2,72;2,86;2,90;-;2,96;2,61;2,61;2,70;3,01;3,18;3,26;-;3,32
13.01.2020;2,31;2,31;2,42;2,73;2,86;2,90;-;2,96;2,59;2,60;2,71;3,02;3,18;3,26;-;3,32
10.01.2020;2,30;2,32;2,41;2,74;2,86;2,89;-;2,94;2,59;2,61;2,70;3,03;3,18;3,26;-;3,30
09.01.2020;2,31;2,33;2,42;2,76;2,86;2,90;-;2,95;2,59;2,62;2,71;3,05;3,18;3,26;-;3,31
08.01.2020;2,33;2,36;2,43;2,76;2,86;2,91;-;2,96;2,62;2,64;2,71;3,05;3,18;3,27;-;3,32
07.01.2020;2,32;2,35;2,44;2,76;2,86;2,90;-;2,96;2,62;2,64;2,73;3,05;3,18;3,27;-;3,32
06.01.2020;2,33;2,34;2,43;2,75;2,86;2,89;-;2,95;2,62;2,63;2,71;3,04;3,18;3,25;-;3,32
03.01.2020;2,27;2,33;2,43;2,76;2,87;2,89;-;2,96;2,56;2,62;2,71;3,04;3,19;3,26;-;3,32
31.12.2019;2,13;2,34;2,43;2,75;2,86;2,88;-;2,95;2,43;2,63;2,72;3,04;3,18;3,24;-;3,31
30.12.2019;2,42;2,44;2,52;2,77;2,86;2,88;-;2,95;2,71;2,73;2,81;3,06;3,18;3,24;-;3,31
27.12.2019;2,48;2,48;2,63;2,78;2,88;2,89;-;2,94;2,77;2,77;2,92;3,07;3,20;3,26;-;3,30
24.12.2019;2,79;2,79;2,84;2,82;2,89;2,90;-;2,95;3,08;3,08;3,12;3,11;3,21;3,26;-;3,31
23.12.2019;3,30;3,28;2,88;2,85;2,89;2,90;-;2,96;3,59;3,56;3,17;3,14;3,21;3,27;-;3,32
20.12.2019;3,24;3,24;2,79;2,81;2,90;2,90;-;2,96;3,54;3,54;3,08;3,10;3,22;3,27;-;3,32
19.12.2019;2,15;2,21;2,49;2,75;2,84;2,85;-;2,90;2,44;2,50;2,78;3,04;3,16;3,21;-;3,26
18.12.2019;2,20;2,20;2,46;2,75;2,82;2,83;-;2,89;2,50;2,49;2,74;3,04;3,14;3,18;-;3,25
17.12.2019;2,41;2,41;2,51;2,75;2,82;2,82;-;2,88;2,70;2,70;2,80;3,03;3,14;3,18;-;3,25
16.12.2019;2,45;2,46;2,53;2,75;2,81;2,80;-;2,88;2,74;2,75;2,82;3,03;3,12;3,17;-;3,24
13.12.2019;2,50;2,51;2,56;2,74;2,79;2,81;-;2,89;2,79;2,80;2,84;3,03;3,11;3,16;-;3,24
12.12.2019;2,47;2,48;2,53;2,72;2,77;2,78;-;2,88;2,76;2,76;2,82;3,01;3,09;3,14;-;3,24
11.12.2019;2,46;2,48;2,53;2,71;2,75;2,78;-;2,88;2,74;2,77;2,81;3,00;3,07;3,13;-;3,24
10.12.2019;2,48;2,49;2,54;2,70;2,73;2,76;-;2,86;2,76;2,78;2,83;2,99;3,05;3,11;-;3,22
09.12.2019;2,58;2,59;2,63;2,71;2,73;2,76;-;2,86;2,86;2,87;2,92;3,00;3,05;3,12;-;3,22
06.12.2019;2,63;2,63;2,64;2,70;2,73;2,75;-;2,85;2,92;2,92;2,94;3,00;3,05;3,11;-;3,21
05.12.2019;2,83;2,82;2,79;2,71;2,74;2,75;-;2,85;3,11;3,11;3,07;3,01;3,06;3,12;-;3,22
04.12.2019;2,88;2,87;2,83;2,72;2,73;2,77;-;2,87;3,16;3,15;3,12;3,01;3,04;3,13;-;3,23
03.12.2019;2,73;2,75;2,73;2,69;2,73;2,77;-;2,87;3,02;3,04;3,02;2,97;3,04;3,12;-;3,22
02.12.2019;2,69;2,71;2,69;2,65;2,72;2,77;-;2,87;2,98;3,00;2,99;2,94;3,03;3,12;-;3,22
29.11.2019;2,41;2,41;2,47;2,55;2,68;2,73;-;2,84;2,69;2,70;2,75;2,83;2,99;3,09;-;3,19
28.11.2019;2,38;2,40;2,48;2,54;2,67;2,72;-;2,83;2,66;2,68;2,76;2,83;2,99;3,08;-;3,18
27.11.2019;2,42;2,44;2,49;2,55;2,67;2,72;-;2,83;2,70;2,72;2,78;2,84;2,99;3,08;-;3,18
26.11.2019;2,48;2,48;2,51;2,55;2,67;2,73;-;2,83;2,76;2,76;2,80;2,84;2,99;3,08;-;3,18
25.11.2019;2,52;2,52;2,53;2,55;2,68;2,73;-;2,84;2,81;2,80;2,81;2,84;3,00;3,09;-;3,19
22.11.2019;1,47;2,41;2,45;2,55;2,68;2,73;-;2,84;1,76;2,69;2,73;2,84;3,00;3,09;-;3,19
21.11.2019;1,76;1,82;2,36;2,54;2,67;2,73;-;2,84;2,05;2,12;2,65;2,83;2,99;3,09;-;3,19
20.11.2019;2,25;2,26;2,39;2,54;2,67;2,73;-;2,84;2,54;2,55;2,68;2,83;2,99;3,09;-;3,19
19.11.2019;2,29;2,30;2,38;2,53;2,66;2,72;-;2,83;2,58;2,58;2,68;2,82;2,98;3,08;-;3,18
18.11.2019;2,33;2,35;2,36;2,53;2,65;2,71;-;2,81;2,61;2,62;2,64;2,81;2,97;3,06;-;3,17
15.11.2019;2,32;2,31;2,33;2,52;2,65;2,70;-;2,81;2,60;2,60;2,62;2,80;2,97;3,06;-;3,17
14.11.2019;2,25;2,25;2,28;2,52;2,65;2,70;-;2,81;2,52;2,53;2,57;2,80;2,97;3,06;-;3,17
13.11.2019;2,23;2,23;2,27;2,52;2,64;2,70;-;2,80;2,51;2,51;2,55;2,80;2,97;3,06;-;3,17
12.11.2019;2,23;2,23;2,26;2,51;2,65;2,70;-;2,80;2,51;2,51;2,55;2,80;2,97;3,06;-;3,16
11.11.2019;2,25;2,25;2,28;2,51;2,65;2,69;-;2,80;2,53;2,53;2,56;2,80;2,97;3,06;-;3,17
08.11.2019;2,20;2,22;2,26;2,50;2,66;2,69;2,75;2,80;2,48;2,51;2,55;2,80;2,97;3,05;3,10;3,15
07.11.2019;2,19;2,20;2,24;2,49;2,64;2,69;2,75;2,80;2,48;2,49;2,53;2,79;2,96;3,06;3,12;3,16
06.11.2019;2,20;2,21;2,26;2,49;2,66;2,69;2,75;2,79;2,49;2,50;2,56;2,79;2,98;3,06;3,12;3,17
05.11.2019;2,21;2,23;2,28;2,49;2,67;2,71;2,75;2,80;2,51;2,52;2,58;2,79;2,99;3,06;3,12;3,17
04.11.2019;2,26;2,26;2,34;2,50;2,68;2,71;2,76;2,81;2,55;2,56;2,63;2,80;2,99;3,07;3,12;3,17
01.11.2019;2,23;2,25;2,37;2,49;2,66;2,70;2,75;2,80;2,53;2,55;2,66;2,79;2,98;3,06;3,11;3,17
31.10.2019;2,39;2,39;2,44;2,51;2,68;2,71;2,76;2,81;2,69;2,69;2,74;2,81;2,99;3,07;3,12;3,17
30.10.2019;2,51;2,51;2,50;2,56;2,70;2,74;2,79;2,82;2,81;2,81;2,79;2,86;3,01;3,08;3,14;3,19
29.10.2019;2,54;2,54;2,53;2,55;2,71;2,73;2,79;2,84;2,83;2,83;2,83;2,85;3,03;3,08;3,15;3,20
28.10.2019;2,60;2,60;2,58;2,54;2,72;2,75;2,80;2,85;2,90;2,90;2,87;2,85;3,04;3,11;3,16;3,21
25.10.2019;2,78;2,80;2,65;2,56;2,72;2,76;2,80;2,85;3,09;3,11;2,95;2,86;3,04;3,12;3,15;3,21
24.10.2019;2,68;2,85;2,66;2,56;2,72;2,76;2,81;2,85;2,98;3,16;2,97;2,86;3,04;3,12;3,17;3,21
23.10.2019;1,39;2,49;2,50;2,52;2,71;2,74;2,80;2,85;1,69;2,79;2,81;2,82;3,03;3,10;3,16;3,21
22.10.2019;1,42;1,42;2,49;2,51;2,71;2,74;2,80;2,85;1,71;1,72;2,79;2,82;3,03;3,10;3,16;3,21
21.10.2019;1,47;1,47;2,24;2,51;2,71;2,75;2,80;2,85;1,77;1,77;2,55;2,82;3,03;3,10;3,16;3,21
18.10.2019;1,44;1,49;2,19;2,51;2,71;2,73;2,80;2,85;1,75;1,79;2,50;2,82;3,03;3,09;3,16;3,21
17.10.2019;1,53;1,57;2,15;2,51;2,71;2,73;2,80;2,85;1,84;1,87;2,46;2,81;3,03;3,09;3,17;3,22
16.10.2019;2,05;2,05;2,18;2,52;2,74;2,74;2,81;2,86;2,34;2,35;2,48;2,82;3,04;3,11;3,17;3,22
15.10.2019;2,13;2,13;2,19;2,51;2,74;2,75;2,81;2,86;2,43;2,43;2,49;2,81;3,05;3,11;3,18;3,23
14.10.2019;2,21;2,21;2,24;2,54;2,73;2,76;2,81;2,86;2,51;2,51;2,54;2,84;3,05;3,12;3,18;3,23
11.10.2019;2,17;2,19;2,24;2,54;2,74;2,76;2,81;2,86;2,47;2,49;2,53;2,84;3,06;3,12;3,18;3,23
10.10.2019;2,18;2,18;2,24;2,52;2,74;2,76;2,81;2,86;2,48;2,48;2,54;2,82;3,06;3,12;3,18;3,23
09.10.2019;2,19;2,19;2,25;2,53;2,74;2,76;2,81;2,86;2,49;2,49;2,54;2,83;3,07;3,12;3,18;3,23
08.10.2019;2,20;2,20;2,25;2,54;2,73;2,76;2,82;2,87;2,50;2,50;2,54;2,84;3,06;3,12;3,19;3,24
07.10.2019;2,22;2,23;2,25;2,53;2,75;2,78;2,83;2,88;2,52;2,52;2,55;2,83;3,08;3,13;3,19;3,25
04.10.2019;2,16;2,19;2,24;2,54;2,74;2,78;2,84;2,88;2,46;2,49;2,54;2,84;3,07;3,14;3,20;3,24
03.10.2019;2,20;2,20;2,26;2,54;2,75;2,78;2,83;2,88;2,49;2,49;2,56;2,84;3,07;3,14;3,20;3,25
02.10.2019;2,24;2,24;2,30;2,58;2,76;2,79;2,83;2,89;2,53;2,53;2,60;2,88;3,08;3,14;3,19;3,24
01.10.2019;2,25;2,25;2,34;2,59;2,76;2,79;2,83;2,88;2,55;2,55;2,64;2,89;3,09;3,15;3,20;3,25
30.09.2019;2,38;2,38;2,40;2,60;2,78;2,79;2,84;2,88;2,68;2,68;2,70;2,90;3,09;3,15;3,20;3,25
27.09.2019;2,49;2,49;2,49;2,60;2,76;2,79;2,84;2,89;2,78;2,79;2,78;2,90;3,07;3,15;3,21;3,26
26.09.2019;2,55;2,57;2,54;2,60;2,76;2,78;2,83;2,88;2,85;2,87;2,84;2,90;3,08;3,14;3,19;3,24
25.09.2019;2,73;2,75;2,66;2,63;2,78;2,80;2,85;2,90;3,03;3,04;2,96;2,93;3,10;3,16;3,20;3,25
24.09.2019;2,50;2,56;2,58;2,60;2,75;2,79;2,85;2,89;2,80;2,86;2,88;2,90;3,07;3,15;3,21;3,26
23.09.2019;1,40;2,40;2,47;2,51;2,74;2,78;2,83;2,88;1,69;2,71;2,77;2,81;3,06;3,14;3,19;3,24
20.09.2019;1,43;1,46;2,33;2,50;2,74;2,79;2,83;2,88;1,73;1,76;2,65;2,80;3,06;3,14;3,19;3,24
19.09.2019;1,46;1,46;2,17;2,50;2,74;2,78;2,83;2,88;1,75;1,75;2,48;2,80;3,06;3,14;3,19;3,24
18.09.2019;1,46;1,47;2,08;2,49;2,73;2,78;2,83;2,88;1,76;1,77;2,39;2,79;3,05;3,14;3,19;3,24
17.09.2019;1,83;1,87;2,18;2,50;2,74;2,78;2,83;2,88;2,14;2,18;2,50;2,80;3,06;3,14;3,19;3,24
16.09.2019;2,09;2,11;2,25;2,50;2,74;2,78;2,82;2,87;2,39;2,41;2,54;2,80;3,06;3,14;3,19;3,24
13.09.2019;1,86;2,01;2,22;2,50;2,73;2,77;2,82;2,87;2,16;2,31;2,51;2,80;3,05;3,13;3,18;3,23
12.09.2019;2,02;2,05;2,21;2,49;2,72;2,76;2,81;2,86;2,32;2,35;2,51;2,79;3,05;3,13;3,18;3,23
11.09.2019;2,17;2,18;2,23;2,49;2,72;2,76;2,81;2,86;2,47;2,47;2,53;2,80;3,05;3,13;3,18;3,23
10.09.2019;2,21;2,22;2,27;2,48;2,71;2,76;2,81;2,86;2,50;2,51;2,56;2,79;3,04;3,13;3,18;3,23
09.09.2019;2,27;2,28;2,30;2,49;2,71;2,77;2,81;2,86;2,56;2,57;2,61;2,80;3,05;3,13;3,18;3,23
06.09.2019;2,23;2,27;2,32;2,49;2,71;2,76;2,81;2,86;2,54;2,56;2,62;2,79;3,04;3,13;3,18;3,23
05.09.2019;2,33;2,33;2,38;2,50;2,71;2,76;2,81;2,86;2,62;2,62;2,68;2,81;3,04;3,13;3,18;3,23
04.09.2019;2,32;2,33;2,37;2,49;2,71;2,76;2,81;2,86;2,63;2,63;2,68;2,80;3,04;3,13;3,17;3,23
03.09.2019;2,37;2,38;2,44;2,51;2,72;2,76;2,83;2,88;2,67;2,68;2,74;2,81;3,05;3,13;3,19;3,24
02.09.2019;2,42;2,43;2,46;2,50;2,72;2,77;2,83;2,88;2,71;2,72;2,75;2,80;3,05;3,13;3,19;3,24
30.08.2019;2,47;2,49;2,51;2,51;2,73;2,77;2,83;2,88;2,77;2,78;2,80;2,81;3,05;3,13;3,19;3,24
29.08.2019;2,54;2,54;2,53;2,51;2,73;2,78;2,83;2,88;2,84;2,84;2,83;2,81;3,05;3,14;3,19;3,25
28.08.2019;2,57;2,57;2,55;2,51;2,74;2,79;2,83;2,89;2,87;2,88;2,85;2,82;3,06;3,15;3,20;3,26
27.08.2019;2,62;2,62;2,58;2,51;2,75;2,80;2,85;2,90;2,92;2,93;2,89;2,82;3,07;3,16;3,22;3,26
26.08.2019;2,68;2,68;2,59;2,51;2,75;2,80;2,85;2,90;2,99;2,99;2,90;2,81;3,07;3,16;3,22;3,26
23.08.2019;3,21;3,04;2,62;2,50;2,75;2,80;2,84;2,89;3,53;3,37;2,93;2,80;3,07;3,16;3,22;3,26
22.08.2019;3,25;3,26;2,64;2,49;2,75;2,80;2,84;2,89;3,58;3,59;2,96;2,79;3,07;3,16;3,22;3,27
21.08.2019;2,29;2,27;2,38;2,43;2,75;2,81;2,85;2,90;2,59;2,58;2,68;2,73;3,07;3,17;3,22;3,27
20.08.2019;1,93;1,93;2,24;2,43;2,75;2,81;2,85;2,90;2,22;2,22;2,54;2,73;3,07;3,16;3,22;3,27
19.08.2019;2,05;2,04;2,23;2,44;2,76;2,81;2,85;2,90;2,35;2,34;2,52;2,74;3,09;3,17;3,22;3,27
16.08.2019;2,09;2,12;2,24;2,44;2,76;2,80;2,85;2,90;2,40;2,44;2,54;2,74;3,09;3,18;3,23;3,28
14.08.2019;2,19;2,19;2,26;2,44;2,77;2,81;2,86;2,91;2,49;2,49;2,56;2,74;3,10;3,19;3,23;3,29
13.08.2019;2,28;2,28;2,33;2,44;2,76;2,80;2,85;2,91;2,58;2,58;2,62;2,74;3,09;3,19;3,23;3,29
12.08.2019;2,29;2,30;2,33;2,47;2,76;2,80;2,85;2,92;2,58;2,59;2,62;2,77;3,09;3,17;3,23;3,30
09.08.2019;2,31;2,31;2,35;2,47;2,76;2,80;2,85;2,92;2,60;2,60;2,64;2,77;3,09;3,17;3,23;3,30
08.08.2019;2,30;2,30;2,34;2,47;2,76;2,80;2,86;2,93;2,60;2,60;2,64;2,77;3,09;3,18;3,24;3,31
07.08.2019;2,31;2,31;2,35;2,47;2,76;2,80;2,88;2,94;2,60;2,60;2,64;2,77;3,09;3,17;3,26;3,31
06.08.2019;2,32;2,32;2,38;2,46;2,75;2,80;2,88;2,93;2,62;2,62;2,68;2,76;3,09;3,18;3,25;3,31
05.08.2019;2,34;2,35;2,39;2,47;2,74;2,80;2,90;2,96;2,64;2,65;2,68;2,77;3,08;3,17;3,28;3,33
02.08.2019;2,35;2,36;2,38;2,48;2,74;2,81;2,91;2,96;2,64;2,66;2,68;2,78;3,08;3,19;3,28;3,33
01.08.2019;2,32;2,33;2,36;2,47;2,72;2,81;2,91;2,96;2,61;2,63;2,66;2,77;3,04;3,19;3,29;3,34
31.07.2019;2,31;2,31;2,35;2,48;2,73;2,83;2,92;2,98;2,60;2,61;2,64;2,78;3,05;3,20;3,29;3,35
30.07.2019;2,37;2,39;2,43;2,48;2,74;2,84;2,93;2,98;2,66;2,68;2,73;2,78;3,06;3,20;3,31;3,36
29.07.2019;2,50;2,50;2,49;2,50;2,76;2,86;2,95;3,00;2,80;2,80;2,79;2,80;3,08;3,22;3,33;3,37
26.07.2019;3,01;2,87;2,68;2,51;2,76;2,87;2,98;3,03;3,33;3,18;3,00;2,81;3,09;3,23;3,35;3,40
25.07.2019;3,18;3,16;2,79;2,54;2,78;2,89;3,00;3,05;3,48;3,47;3,11;2,84;3,11;3,25;3,38;3,43
24.07.2019;2,34;2,40;2,46;2,52;2,78;2,89;3,00;3,05;2,64;2,70;2,76;2,82;3,11;3,25;3,38;3,43
23.07.2019;1,43;2,19;2,36;2,51;2,78;2,89;3,00;3,05;1,71;2,50;2,66;2,81;3,10;3,25;3,38;3,43
22.07.2019;1,45;1,46;2,31;2,52;2,79;2,90;3,00;3,05;1,75;1,76;2,61;2,82;3,11;3,26;3,38;3,43
19.07.2019;1,41;1,42;2,21;2,52;2,78;2,91;3,01;3,08;1,71;1,72;2,51;2,83;3,11;3,26;3,38;3,46
18.07.2019;1,46;1,47;2,19;2,54;2,79;2,93;3,03;3,09;1,76;1,77;2,48;2,84;3,13;3,29;3,40;3,46
17.07.2019;1,77;1,79;2,16;2,56;2,81;2,94;3,05;3,11;2,07;2,09;2,46;2,86;3,14;3,31;3,43;3,48
16.07.2019;1,87;1,88;2,16;2,56;2,81;2,94;3,05;3,11;2,19;2,19;2,46;2,86;3,13;3,31;3,43;3,49
15.07.2019;1,94;1,96;2,15;2,56;2,82;2,94;3,05;3,10;2,25;2,26;2,46;2,86;3,15;3,31;3,43;3,48
12.07.2019;1,68;1,81;2,16;2,58;2,83;2,96;3,06;3,10;1,97;2,11;2,46;2,88;3,16;3,32;3,43;3,48
11.07.2019;1,88;1,90;2,16;2,60;2,84;2,97;3,07;3,12;2,18;2,20;2,46;2,90;3,17;3,34;3,46;3,50
10.07.2019;1,92;1,91;2,18;2,60;2,84;2,98;3,07;3,12;2,21;2,21;2,48;2,90;3,17;3,34;3,46;3,50
09.07.2019;1,94;1,95;2,19;2,61;2,84;2,98;3,09;3,14;2,23;2,25;2,48;2,91;3,18;3,36;3,48;3,52
08.07.2019;2,02;2,02;2,21;2,63;2,84;2,98;3,10;3,14;2,32;2,33;2,51;2,93;3,18;3,37;3,48;3,52
05.07.2019;1,63;1,98;2,22;2,63;2,85;2,98;3,09;3,13;1,92;2,28;2,51;2,93;3,18;3,34;3,47;3,52
04.07.2019;1,75;1,77;2,19;2,64;2,88;2,99;3,09;3,14;2,04;2,07;2,49;2,94;3,21;3,36;3,47;3,53
03.07.2019;2,10;2,10;2,21;2,66;2,90;2,99;3,09;3,14;2,39;2,41;2,51;2,97;3,23;3,36;3,48;3,53
02.07.2019;2,23;2,23;2,27;2,70;2,90;3,00;3,10;3,15;2,52;2,53;2,56;3,00;3,23;3,37;3,48;3,53
01.07.2019;2,28;2,28;2,32;2,71;2,90;3,00;3,10;3,15;2,57;2,58;2,61;3,01;3,23;3,37;3,49;3,54
28.06.2019;2,28;2,28;2,34;2,70;2,90;3,00;3,10;3,15;2,58;2,57;2,64;3,00;3,23;3,37;3,49;3,54
27.06.2019;2,31;2,31;2,35;2,71;2,90;3,00;3,10;3,15;2,61;2,61;2,65;3,01;3,23;3,37;3,49;3,54
26.06.2019;2,30;2,30;2,36;2,71;2,90;2,99;3,10;3,15;2,61;2,61;2,66;3,01;3,23;3,37;3,49;3,54
25.06.2019;2,34;2,34;2,38;2,71;2,90;2,99;3,10;3,15;2,63;2,63;2,68;3,01;3,23;3,37;3,49;3,54
24.06.2019;2,40;2,40;2,42;2,71;2,90;3,00;3,10;3,15;2,70;2,70;2,72;3,01;3,23;3,36;3,48;3,54
21.06.2019;1,39;2,40;2,44;2,72;2,90;3,00;3,10;3,15;1,68;2,70;2,74;3,02;3,23;3,37;3,48;3,53
20.06.2019;1,43;1,42;2,38;2,71;2,90;3,00;3,10;3,15;1,73;1,73;2,68;3,02;3,23;3,36;3,48;3,53
19.06.2019;1,97;1,98;2,35;2,74;2,90;3,00;3,10;3,15;2,28;2,28;2,64;3,04;3,23;3,36;3,48;3,53
18.06.2019;2,31;2,33;2,42;2,75;2,91;2,99;3,10;3,15;2,62;2,63;2,72;3,06;3,24;3,37;3,49;3,54
14.06.2019;2,34;2,36;2,43;2,76;2,91;3,00;3,10;3,15;2,65;2,66;2,73;3,07;3,24;3,37;3,49;3,54
13.06.2019;2,40;2,42;2,45;2,78;2,91;3,00;3,10;3,15;2,70;2,71;2,76;3,08;3,25;3,37;3,49;3,54
12.06.2019;2,40;2,41;2,45;2,78;2,91;3,00;3,10;3,15;2,70;2,71;2,75;3,08;3,24;3,37;3,49;3,54
11.06.2019;2,37;2,38;2,43;2,77;2,91;3,00;3,10;3,15;2,69;2,69;2,73;3,08;3,24;3,37;3,49;3,55
10.06.2019;2,39;2,40;2,43;2,79;2,91;3,00;3,10;3,15;2,69;2,70;2,73;3,10;3,24;3,37;3,49;3,54
07.06.2019;2,33;2,34;2,43;2,80;2,91;3,00;3,10;3,15;2,64;2,64;2,73;3,10;3,25;3,38;3,49;3,54
06.06.2019;2,36;2,38;2,44;2,79;2,91;3,00;3,10;3,15;2,66;2,68;2,74;3,10;3,24;3,37;3,49;3,54
05.06.2019;2,37;2,38;2,46;2,79;2,91;3,00;3,10;3,15;2,67;2,68;2,77;3,10;3,24;3,37;3,49;3,54
04.06.2019;2,22;2,23;2,28;2,78;2,90;3,00;3,10;3,15;2,51;2,52;2,59;3,08;3,24;3,37;3,49;3,54
03.06.2019;2,36;2,36;2,39;2,79;2,91;3,00;3,10;3,15;2,64;2,66;2,69;3,10;3,24;3,38;3,49;3,54
31.05.2019;2,49;2,50;2,56;2,81;2,92;3,01;3,10;3,15;2,79;2,80;2,85;3,11;3,25;3,38;3,49;3,54
30.05.2019;2,51;2,51;2,57;2,81;2,93;3,00;3,10;3,15;2,81;2,81;2,88;3,11;3,25;3,38;3,49;3,54
